Sample_ID,Original_Sample_ID,Physical_Sample_ID,Image_Filename,Capture_Timestamp,Pipeline_Contract_Version,Image_Status,QC_Status,QC_Reason,Bulk_Rice_Volume_mm3,Rice_Height_mm,Weight_g,Empty_Height_mm,Pixels_Per_mm,Container_Detected_Diam_px,Inner_Diameter_mm,Container_Height_mm,Whole_Grains_Count,Uniformity_Rate_Pct,Estimated_Total_Seeds_Hybrid,Grain_Length_mm_Mean,Grain_Length_mm_Min,Grain_Length_mm_Max,Grain_Length_mm_Std,Grain_Width_mm_Mean,Grain_Width_mm_Min,Grain_Width_mm_Max,Grain_Width_mm_Std,Grain_Thickness_mm_Mean,Grain_Thickness_mm_Min,Grain_Thickness_mm_Max,Grain_Thickness_mm_Std,Grain_Area_mm2_Mean,Grain_Area_mm2_Min,Grain_Area_mm2_Max,Grain_Area_mm2_Std,Grain_Volume_mm3_Mean,Grain_Volume_mm3_Min,Grain_Volume_mm3_Max,Grain_Volume_mm3_Std,Physical_Estimated_Seeds,Bulk_To_Grain_Volume_Ratio,Whole_Grains_Filtered_Count,Whole_Grains_Raw_Count,Mean_Clean_Grain_Volume_mm3,Mean_Raw_Grain_Volume_mm3,Scale_Pixels_Per_mm,Actual_Count
M0001,M001A,M001,M0001.jpg,2026-09-28T07:40:44.071790,code-main-2026-09-22,FOUND,PASS,,5723.45,23.0,2.69,10.9,28.56,508.0,17.8,33.9,4.0,100.0,144.0,7.415,6.222,8.56,0.996,2.714,2.21,3.346,0.464,2.172,1.768,2.677,0.371,15.513,10.149,21.438,4.768,24.601,12.727,40.149,11.227,128,,4,4,24.601,24.601,28.56,85
M0002,M001B,M001,M0002.jpg,2026-09-28T07:41:06.935955,code-main-2026-09-22,FOUND,PASS,,5723.45,23.0,2.69,10.9,27.59,491.0,17.8,33.9,2.0,100.0,142.0,8.652,8.553,8.751,0.099,2.627,2.487,2.767,0.14,2.102,1.99,2.213,0.112,17.417,16.479,18.354,0.937,25.049,22.673,27.426,2.376,126,,2,2,25.049,25.049,27.59,85
M0003,M001C,M001,M0003.jpg,2026-09-28T07:41:15.945740,code-main-2026-09-22,FOUND,PASS,,5723.45,23.0,2.69,10.9,27.95,497.0,17.8,33.9,3.0,100.0,135.0,9.185,7.956,10.687,1.131,2.612,2.484,2.777,0.122,2.089,1.987,2.221,0.098,17.547,14.371,19.967,2.346,26.337,20.559,29.666,4.102,120,,3,3,26.337,26.337,27.95,85
M0004,M001D,M001,M0004.jpg,2026-09-28T07:41:21.521026,code-main-2026-09-22,FOUND,PASS,,5723.45,23.0,2.69,10.9,28.08,500.0,17.8,33.9,2.0,100.0,135.0,8.602,7.077,10.127,1.525,2.615,2.276,2.954,0.339,2.092,1.82,2.364,0.272,17.324,12.096,22.552,5.228,26.19,15.351,37.029,10.839,120,,2,2,26.19,26.19,28.08,85
M0005,M001E,M001,M0005.jpg,2026-09-28T07:41:50.718415,code-main-2026-09-22,FOUND,PASS,,5723.45,23.0,2.69,10.9,27.9,497.0,17.8,33.9,4.0,100.0,136.0,8.215,7.402,9.269,0.693,2.751,2.712,2.779,0.025,2.201,2.17,2.223,0.02,17.113,15.364,19.091,1.368,26.051,22.81,29.323,2.347,121,,4,4,26.051,26.051,27.9,85
M0006,M002A,M002,M0006.jpg,2026-09-28T07:41:55.246708,code-main-2026-09-22,FOUND,PASS,,6693.95,26.9,3.16,7.0,29.05,517.0,17.8,33.9,3.0,100.0,168.0,8.05,7.354,8.687,0.546,2.638,2.243,3.303,0.473,2.111,1.794,2.643,0.379,16.093,12.301,21.912,4.177,24.751,15.498,39.71,10.676,149,,3,3,24.751,24.751,29.05,105
M0007,M002B,M002,M0007.jpg,2026-09-28T07:41:58.248619,code-main-2026-09-22,FOUND,PASS,,6693.95,26.9,3.16,7.0,28.81,513.0,17.8,33.9,4.0,100.0,205.0,7.666,4.924,8.999,1.604,2.48,2.304,2.701,0.148,1.984,1.844,2.161,0.119,14.446,8.706,17.88,3.447,20.209,10.954,27.499,5.969,182,,4,4,20.209,20.209,28.81,105
M0008,M002C,M002,M0008.jpg,2026-09-28T07:42:03.889143,code-main-2026-09-22,FOUND,PASS,,6693.95,26.9,3.16,7.0,28.92,515.0,17.8,33.9,7.0,100.0,164.0,8.489,7.69,9.443,0.615,2.645,2.268,2.93,0.273,2.116,1.814,2.344,0.218,16.898,13.586,21.193,2.439,25.259,17.789,33.963,5.926,146,,7,7,25.259,25.259,28.92,105
M0009,M002D,M002,M0009.jpg,2026-09-28T07:42:09.014110,code-main-2026-09-22,FOUND,PASS,,6693.95,26.9,3.16,7.0,29.31,522.0,17.8,33.9,4.0,100.0,139.0,8.818,7.739,9.328,0.632,2.774,2.211,3.291,0.485,2.219,1.769,2.633,0.388,18.727,13.021,23.423,4.4,29.836,15.845,42.321,11.435,123,,4,4,29.836,29.836,29.31,105
M0010,M002E,M002,M0010.jpg,2026-09-28T07:42:13.474758,code-main-2026-09-22,FOUND,PASS,,6693.95,26.9,3.16,7.0,31.35,558.0,17.8,33.9,6.0,83.33,214.0,7.028,5.541,8.169,0.774,2.552,2.384,2.801,0.135,2.042,1.907,2.241,0.108,13.51,10.557,16.918,1.926,19.35,14.797,26.846,3.825,206,,6,6,17.851,19.35,31.35,105
M0011,M003A,M003,M0011.jpg,2026-09-28T07:42:16.830896,code-main-2026-09-22,FOUND,PASS,,6843.25,27.5,3.36,6.4,57.78,1028.0,17.8,33.9,4.0,100.0,184.0,7.772,6.56,9.256,1.034,2.58,2.079,3.075,0.433,2.064,1.663,2.46,0.346,15.519,10.488,20.982,4.336,23.112,11.873,33.464,9.859,163,,4,4,23.112,23.112,57.78,115
M0012,M003B,M003,M0012.jpg,2026-09-28T07:42:34.335227,code-main-2026-09-22,FOUND,PASS,,6843.25,27.5,3.36,6.4,58.81,1047.0,17.8,33.9,6.0,100.0,195.0,8.117,6.688,8.911,0.727,2.532,2.201,2.851,0.211,2.025,1.761,2.281,0.169,15.519,14.154,17.467,1.351,21.726,18.082,24.996,2.769,173,,6,6,21.726,21.726,58.81,115
M0013,M003C,M003,M0013.jpg,2026-09-28T07:42:46.994680,code-main-2026-09-22,FOUND,PASS,,6843.25,27.5,3.36,6.4,57.7,1027.0,17.8,33.9,2.0,100.0,205.0,7.392,6.947,7.837,0.445,2.591,2.488,2.694,0.103,2.073,1.99,2.155,0.082,14.412,13.947,14.877,0.465,20.722,20.322,21.123,0.401,182,,2,2,20.722,20.722,57.7,115
M0014,M003D,M003,M0014.jpg,2026-09-28T07:43:05.679155,code-main-2026-09-22,FOUND,PASS,,6843.25,27.5,3.36,6.4,57.59,1025.0,17.8,33.9,4.0,100.0,169.0,7.498,6.02,9.01,1.337,2.774,2.427,3.194,0.274,2.22,1.941,2.556,0.219,15.211,11.201,19.274,3.414,25.055,15.595,38.514,8.885,150,,4,4,25.055,25.055,57.59,115
M0015,M003E,M003,M0015.jpg,2026-09-28T07:43:19.067632,code-main-2026-09-22,FOUND,PASS,,6843.25,27.5,3.36,6.4,59.48,1059.0,17.8,33.9,2.0,100.0,250.0,6.512,5.829,7.196,0.684,2.499,2.437,2.561,0.062,1.999,1.95,2.049,0.049,12.296,11.272,13.32,1.024,16.958,16.01,17.906,0.948,222,,2,2,16.958,16.958,59.48,115
M0016,M004A,M004,M0016.jpg,2026-09-28T07:43:30.703795,code-main-2026-09-22,FOUND,PASS,,7639.56,30.7,3.58,3.2,62.68,1116.0,17.8,33.9,5.0,100.0,205.0,7.685,6.551,8.878,0.875,2.639,2.21,3.041,0.311,2.111,1.768,2.433,0.249,15.334,11.75,18.191,2.92,23.08,14.322,29.12,6.83,182,,5,5,23.08,23.08,62.68,125
M0017,M004B,M004,M0017.jpg,2026-09-28T07:43:46.426290,code-main-2026-09-22,FOUND,PASS,,7639.56,30.7,3.58,3.2,59.13,1053.0,17.8,33.9,6.0,100.0,243.0,7.451,5.333,9.846,1.38,2.464,2.171,3.009,0.292,1.971,1.737,2.407,0.233,13.673,8.685,18.004,3.242,19.496,10.532,30.949,6.631,216,,6,6,19.496,19.496,59.13,125
M0018,M004C,M004,M0018.jpg,2026-09-28T07:44:03.418673,code-main-2026-09-22,FOUND,PASS,,7639.56,30.7,3.58,3.2,61.11,1088.0,17.8,33.9,5.0,100.0,266.0,7.452,5.779,10.212,1.547,2.35,1.917,2.653,0.257,1.88,1.534,2.123,0.206,13.236,8.33,18.387,3.395,17.809,8.899,25.903,5.922,236,,5,5,17.809,17.809,61.11,125
M0019,M004D,M004,M0019.jpg,2026-09-28T07:44:19.586600,code-main-2026-09-22,FOUND,PASS,,7639.56,30.7,3.58,3.2,59.98,1068.0,17.8,33.9,7.0,100.0,220.0,7.554,6.23,8.8,0.928,2.572,2.087,2.864,0.277,2.058,1.67,2.291,0.221,14.911,10.738,18.893,3.128,21.554,12.215,29.801,6.372,195,,7,7,21.554,21.554,59.98,125
M0020,M004E,M004,M0020.jpg,2026-09-28T07:44:32.986555,code-main-2026-09-22,FOUND,PASS,,7639.56,30.7,3.58,3.2,59.78,1064.0,17.8,33.9,5.0,60.0,185.0,8.18,7.822,8.881,0.395,2.724,2.407,3.062,0.214,2.18,1.925,2.449,0.171,16.842,13.998,19.226,1.774,25.588,19.539,32.645,4.203,166,,5,5,25.253,25.588,59.78,125
M0021,M005A,M005,M0021.jpg,2026-09-28T07:44:44.788215,code-main-2026-09-22,FOUND,PASS,,8062.6,32.4,3.85,1.5,62.08,1105.0,17.8,33.9,9.0,88.89,191.0,8.573,6.524,10.132,1.06,2.693,2.289,3.492,0.369,2.154,1.831,2.793,0.295,17.15,14.067,20.958,2.283,26.106,19.628,39.092,6.499,155,,6,9,28.596,26.106,62.08,135
M0022,M005B,M005,M0022.jpg,2026-09-28T07:44:58.765629,code-main-2026-09-22,FOUND,PASS,,8062.6,32.4,3.85,1.5,63.99,1139.0,17.8,33.9,4.0,100.0,276.0,7.356,5.706,8.716,1.118,2.397,2.106,2.673,0.202,1.918,1.685,2.139,0.161,13.549,8.995,16.407,2.885,18.122,10.604,23.769,4.876,245,,4,4,18.122,18.122,63.99,135
M0024,M005D,M005,M0024.jpg,2026-09-28T07:45:14.415112,code-main-2026-09-22,FOUND,PASS,,8062.6,32.4,3.85,1.5,64.56,1149.0,17.8,33.9,6.0,100.0,220.0,7.872,7.154,8.363,0.447,2.611,2.225,2.796,0.197,2.089,1.78,2.237,0.158,15.361,13.114,17.171,1.58,22.729,15.745,27.095,4.188,195,,6,6,22.729,22.729,64.56,135
M0025,M005E,M005,M0025.jpg,2026-09-28T07:45:30.358405,code-main-2026-09-22,FOUND,PASS,,8062.6,32.4,3.85,1.5,70.94,1263.0,17.8,33.9,6.0,100.0,318.0,6.744,5.297,7.703,0.915,2.308,1.812,2.803,0.32,1.846,1.45,2.242,0.256,11.928,7.276,16.161,2.94,15.742,7.289,24.731,5.676,282,,6,6,15.742,15.742,70.94,135
M0026,M005F,M005,M0026.jpg,2026-09-28T07:45:43.299991,code-main-2026-09-22,FOUND,PASS,,8062.6,32.4,3.85,1.5,64.38,1146.0,17.8,33.9,3.0,100.0,191.0,9.119,8.273,10.343,0.886,2.62,2.486,2.781,0.122,2.096,1.988,2.225,0.098,17.451,16.357,19.211,1.257,26.191,22.619,29.15,2.701,169,,3,3,26.191,26.191,64.38,135
M0027,M006A,M006,M0027.jpg,2026-09-28T07:45:56.764908,code-main-2026-09-22,FOUND,PASS,,8236.79,33.1,4.01,0.8,73.04,1300.0,17.8,33.9,8.0,100.0,367.0,7.119,6.381,8.933,0.803,2.137,1.777,2.471,0.26,1.709,1.421,1.977,0.208,10.952,8.714,15.849,2.132,13.906,9.446,22.665,4.168,326,,6,8,13.887,13.906,73.04,145
M0028,M006B,M006,M0028.jpg,2026-09-28T07:46:10.340738,code-main-2026-09-22,FOUND,PASS,,8236.79,33.1,4.01,0.8,73.1,1301.0,17.8,33.9,4.0,100.0,524.0,5.905,5.469,6.6,0.428,1.988,1.89,2.073,0.066,1.59,1.512,1.658,0.053,8.877,8.368,9.334,0.359,9.741,9.278,10.18,0.33,465,,4,4,9.741,9.741,73.1,145
M0029,M006C,M006,M0029.jpg,2026-09-28T07:46:24.834881,code-main-2026-09-22,FOUND,PASS,,8236.79,33.1,4.01,0.8,69.33,1234.0,17.8,33.9,4.0,100.0,462.0,7.289,6.008,8.452,0.904,1.853,1.52,2.242,0.264,1.482,1.216,1.794,0.211,10.068,6.984,13.547,2.437,11.06,5.814,17.803,4.43,410,,4,4,11.06,11.06,69.33,145
M0030,M006D,M006,M0030.jpg,2026-09-28T07:46:41.270462,code-main-2026-09-22,FOUND,PASS,,8236.79,33.1,4.01,0.8,64.99,1157.0,17.8,33.9,3.0,100.0,303.0,7.126,6.333,7.985,0.676,2.339,2.087,2.725,0.277,1.871,1.67,2.18,0.222,12.704,10.484,16.447,2.662,16.87,12.885,24.837,5.634,269,,3,3,16.87,16.87,64.99,145
M0031,M006E,M006,M0031.jpg,2026-09-28T07:46:55.732198,code-main-2026-09-22,FOUND,PASS,,8236.79,33.1,4.01,0.8,72.33,1287.0,17.8,33.9,7.0,100.0,329.0,7.693,6.74,8.654,0.639,2.166,1.808,2.596,0.234,1.733,1.446,2.077,0.188,12.455,8.927,15.955,2.358,15.512,9.226,23.072,4.381,292,,7,7,15.512,15.512,72.33,145
M0032,M006F,M006,M0032.jpg,2026-09-28T07:47:10.347543,code-main-2026-09-22,FOUND,PASS,,8236.79,33.1,4.01,0.8,66.46,1183.0,17.8,33.9,3.0,100.0,297.0,7.112,6.844,7.297,0.194,2.381,1.998,2.615,0.273,1.905,1.599,2.092,0.219,12.604,9.856,14.513,1.992,17.212,11.446,20.612,4.099,263,,3,3,17.212,17.212,66.46,145
M0033,M007A,M007,M0033.jpg,2026-09-28T07:47:23.647733,code-main-2026-09-22,FOUND,PASS,,1667.27,6.7,0.76,27.2,23.94,426.0,17.8,33.9,1.0,100.0,23.0,10.159,10.159,10.159,0.0,3.258,3.258,3.258,0.0,2.607,2.607,2.607,0.0,23.495,23.495,23.495,0.0,45.175,45.175,45.175,0.0,20,,1,1,45.175,45.175,23.94,30
M0034,M007B,M007,M0034.jpg,2026-09-28T07:47:26.033736,code-main-2026-09-22,FOUND,PASS,,1667.27,6.7,0.76,27.2,24.51,436.0,17.8,33.9,2.0,100.0,30.0,8.014,6.643,9.384,1.37,3.155,2.925,3.384,0.23,2.524,2.34,2.707,0.184,19.504,14.793,24.216,4.711,34.413,23.81,45.017,10.604,27,,2,2,34.413,34.413,24.51,30
M0035,M007C,M007,M0035.jpg,2026-09-28T07:47:28.475634,code-main-2026-09-22,FOUND,PASS,,1667.27,6.7,0.76,27.2,24.97,444.0,17.8,33.9,2.0,100.0,27.0,8.58,7.255,9.905,1.325,3.319,2.954,3.685,0.366,2.655,2.363,2.948,0.292,19.174,16.757,21.591,2.417,38.728,36.193,41.263,2.535,24,,2,2,38.728,38.728,24.97,30
M0038,M008A,M008,M0038.jpg,2026-09-28T07:47:32.851859,code-main-2026-09-22,FOUND,PASS,,1965.88,7.9,0.95,26.0,49.23,876.0,17.8,33.9,1.0,100.0,29.0,8.939,8.939,8.939,0.0,3.372,3.372,3.372,0.0,2.697,2.697,2.697,0.0,21.851,21.851,21.851,0.0,42.566,42.566,42.566,0.0,25,,1,1,42.566,42.566,49.23,40
M0039,M008B,M008,M0039.jpg,2026-09-28T07:47:41.850266,code-main-2026-09-22,FOUND,PASS,,1965.88,7.9,0.95,26.0,49.91,888.0,17.8,33.9,3.0,100.0,37.0,9.191,8.593,10.101,0.654,2.915,2.812,3.064,0.108,2.332,2.25,2.451,0.086,19.989,18.197,22.176,1.649,32.924,28.469,39.716,4.88,33,,3,3,32.924,32.924,49.91,40
M0040,M008C,M008,M0040.jpg,2026-09-28T07:47:50.716545,code-main-2026-09-22,FOUND,PASS,,1965.88,7.9,0.95,26.0,49.44,880.0,17.8,33.9,4.0,100.0,45.0,8.46,7.406,9.744,0.875,2.768,2.533,2.944,0.151,2.215,2.026,2.355,0.121,17.847,15.251,21.979,2.503,27.324,23.416,35.367,4.838,40,,4,4,27.324,27.324,49.44,40
M0041,M008D,M008,M0041.jpg,2026-09-28T07:48:00.845360,code-main-2026-09-22,FOUND,PASS,,1965.88,7.9,0.95,26.0,49.63,883.0,17.8,33.9,3.0,100.0,43.0,8.744,8.508,9.017,0.209,2.78,2.454,3.204,0.314,2.224,1.963,2.564,0.251,18.415,16.226,20.959,1.948,28.569,21.964,36.597,6.058,38,,3,3,28.569,28.569,49.63,40
M0042,M008E,M008,M0042.jpg,2026-09-28T07:48:09.453388,code-main-2026-09-22,FOUND,PASS,,1965.88,7.9,0.95,26.0,50.13,892.0,17.8,33.9,1.0,100.0,30.0,10.707,10.707,10.707,0.0,3.026,3.026,3.026,0.0,2.421,2.421,2.421,0.0,23.387,23.387,23.387,0.0,41.073,41.073,41.073,0.0,26,,1,1,41.073,41.073,50.13,40
M0043,M009A,M009,M0043.jpg,2026-09-28T07:48:18.984708,code-main-2026-09-22,FOUND,PASS,,2712.42,10.9,1.21,23.0,50.87,905.0,17.8,33.9,2.0,100.0,73.0,7.529,7.069,7.989,0.46,2.679,2.392,2.965,0.286,2.143,1.914,2.372,0.229,15.167,12.504,17.83,2.663,23.186,16.948,29.424,6.238,64,,2,2,23.186,23.186,50.87,50
M0044,M009B,M009,M0044.jpg,2026-09-28T07:48:28.146137,code-main-2026-09-22,FOUND,PASS,,2712.42,10.9,1.21,23.0,50.68,902.0,17.8,33.9,4.0,100.0,54.0,8.383,6.818,9.875,1.196,2.936,2.675,3.28,0.219,2.349,2.14,2.624,0.175,18.692,13.754,24.503,3.948,31.044,20.431,44.5,8.929,48,,4,4,31.044,31.044,50.68,50
M0045,M009C,M009,M0045.jpg,2026-09-28T07:48:37.310629,code-main-2026-09-22,FOUND,PASS,,2712.42,10.9,1.21,23.0,51.17,911.0,17.8,33.9,2.0,100.0,60.0,8.475,7.55,9.4,0.925,2.778,2.517,3.039,0.261,2.222,2.014,2.431,0.209,18.032,14.633,21.431,3.399,28.2,20.038,36.361,8.162,53,,2,2,28.2,28.2,51.17,50
M0046,M009D,M009,M0046.jpg,2026-09-28T07:48:45.814349,code-main-2026-09-22,FOUND,PASS,,2712.42,10.9,1.21,23.0,50.5,899.0,17.8,33.9,5.0,60.0,50.0,8.532,7.662,9.252,0.618,3.049,2.836,3.522,0.242,2.439,2.269,2.817,0.194,19.276,16.952,23.842,2.4,33.625,27.648,48.063,7.337,48,,5,5,30.805,33.625,50.5,50
M0047,M009E,M009,M0047.jpg,2026-09-28T07:48:54.236425,code-main-2026-09-22,FOUND,PASS,,2712.42,10.9,1.21,23.0,49.95,889.0,17.8,33.9,3.0,100.0,74.0,7.029,5.504,9.58,1.815,2.741,2.419,2.924,0.228,2.193,1.935,2.339,0.183,14.453,11.073,20.675,4.405,22.714,14.713,34.317,8.398,66,,3,3,22.714,22.714,49.95,50
M0048,M010A,M010,M0048.jpg,2026-09-28T07:49:03.865519,code-main-2026-09-22,FOUND,PASS,,3160.34,12.7,1.52,21.2,50.15,893.0,17.8,33.9,3.0,100.0,66.0,8.776,8.042,9.845,0.773,2.841,2.685,2.939,0.111,2.273,2.148,2.351,0.089,18.801,16.05,22.009,2.454,29.866,24.293,35.608,4.621,58,,3,3,29.866,29.866,50.15,60
M0049,M010B,M010,M0049.jpg,2026-09-28T07:49:12.848988,code-main-2026-09-22,FOUND,PASS,,3160.34,12.7,1.52,21.2,52.02,926.0,17.8,33.9,3.0,100.0,74.0,8.249,6.149,9.576,1.502,2.769,2.347,3.114,0.318,2.215,1.878,2.491,0.254,16.644,12.811,20.684,3.217,26.536,20.87,36.644,7.165,66,,3,3,26.536,26.536,52.02,60
M0050,M010C,M010,M0050.jpg,2026-09-28T07:49:22.413812,code-main-2026-09-22,FOUND,PASS,,3160.34,12.7,1.52,21.2,52.59,936.0,17.8,33.9,5.0,100.0,49.0,8.233,7.239,9.022,0.651,3.36,2.746,4.275,0.566,2.688,2.197,3.42,0.453,19.442,14.817,22.675,2.773,40.313,22.863,62.656,14.52,43,,5,5,40.313,40.313,52.59,60
M0051,M010D,M010,M0051.jpg,2026-09-28T07:49:33.784074,code-main-2026-09-22,FOUND,PASS,,3160.34,12.7,1.52,21.2,51.76,921.0,17.8,33.9,3.0,100.0,66.0,8.825,6.947,9.889,1.332,2.833,2.645,3.045,0.164,2.266,2.116,2.436,0.132,18.841,14.757,21.839,2.992,29.785,22.936,37.445,5.951,58,,3,3,29.785,29.785,51.76,60
M0052,M010E,M010,M0052.jpg,2026-09-28T07:49:42.655943,code-main-2026-09-22,FOUND,PASS,,3160.34,12.7,1.52,21.2,50.13,892.0,17.8,33.9,4.0,100.0,62.0,8.498,7.004,10.609,1.452,2.889,2.435,3.338,0.414,2.312,1.948,2.67,0.331,18.477,12.642,27.055,5.681,31.711,17.397,49.506,13.694,55,,4,4,31.711,31.711,50.13,60
M0053,M011A,M011,M0053.jpg,2026-09-28T07:49:52.569005,code-main-2026-09-22,FOUND,PASS,,3458.95,13.9,1.81,20.0,51.92,924.0,17.8,33.9,6.0,100.0,65.0,8.191,6.684,9.938,1.124,3.065,2.47,3.773,0.395,2.452,1.976,3.018,0.316,19.024,13.437,24.056,4.013,33.051,18.068,49.374,10.237,58,,6,6,33.051,33.051,51.92,70
M0054,M011B,M011,M0054.jpg,2026-09-28T07:50:01.821012,code-main-2026-09-22,FOUND,PASS,,3458.95,13.9,1.81,20.0,50.59,900.0,17.8,33.9,5.0,60.0,80.0,8.423,6.535,9.897,1.232,2.694,2.37,3.416,0.374,2.155,1.896,2.733,0.299,16.964,12.502,25.271,4.369,26.705,16.463,48.382,11.151,83,,5,5,22.893,26.705,50.59,70
M0055,M011C,M011,M0055.jpg,2026-09-28T07:50:11.752319,code-main-2026-09-22,FOUND,PASS,,3458.95,13.9,1.81,20.0,51.89,924.0,17.8,33.9,2.0,100.0,71.0,8.328,6.914,9.741,1.414,2.967,2.839,3.095,0.128,2.374,2.271,2.476,0.102,18.36,15.89,20.829,2.47,30.314,27.743,32.885,2.571,63,,2,2,30.314,30.314,51.89,70
M0056,M011D,M011,M0056.jpg,2026-09-28T07:50:21.032268,code-main-2026-09-22,FOUND,PASS,,3458.95,13.9,1.81,20.0,51.98,925.0,17.8,33.9,5.0,100.0,85.0,7.123,5.815,9.475,1.352,2.852,2.553,3.091,0.247,2.282,2.042,2.472,0.198,15.219,10.47,21.92,4.178,25.113,15.873,37.908,8.468,76,,5,5,25.113,25.113,51.98,70
M0057,M011E,M011,M0057.jpg,2026-09-28T07:50:30.844486,code-main-2026-09-22,FOUND,PASS,,3458.95,13.9,1.81,20.0,51.47,916.0,17.8,33.9,8.0,100.0,79.0,8.257,6.927,9.257,0.77,2.777,2.332,3.17,0.295,2.222,1.865,2.536,0.236,16.823,13.095,19.697,2.225,27.008,17.346,35.501,6.237,65,,6,8,29.493,27.008,51.47,70
M0058,M011F,M011,M0058.jpg,2026-09-28T07:50:42.914368,code-main-2026-09-22,FOUND,PASS,,3458.95,13.9,1.81,20.0,52.09,927.0,17.8,33.9,4.0,100.0,72.0,8.479,8.146,8.784,0.264,2.872,2.374,3.311,0.432,2.298,1.899,2.649,0.345,18.173,15.412,21.262,2.438,29.692,20.73,38.117,7.889,64,,4,4,29.692,29.692,52.09,70
M0059,M012A,M012,M0059.jpg,2026-09-28T07:50:52.646797,code-main-2026-09-22,FOUND,PASS,,4578.76,18.4,2.08,15.5,53.28,948.0,17.8,33.9,4.0,100.0,100.0,9.169,7.935,10.269,0.839,2.722,2.411,2.939,0.204,2.177,1.929,2.351,0.163,18.258,16.832,19.843,1.422,28.368,22.964,31.088,3.248,89,,4,4,28.368,28.368,53.28,80
M0060,M012B,M012,M0060.jpg,2026-09-28T07:51:02.196135,code-main-2026-09-22,FOUND,PASS,,4578.76,18.4,2.08,15.5,52.6,936.0,17.8,33.9,3.0,100.0,82.0,8.903,8.767,9.063,0.122,3.046,2.908,3.308,0.185,2.437,2.326,2.646,0.148,20.362,19.091,22.108,1.277,34.725,31.393,40.686,4.225,73,,3,3,34.725,34.725,52.6,80
M0061,M012C,M012,M0061.jpg,2026-09-28T07:51:13.374743,code-main-2026-09-22,FOUND,PASS,,4578.76,18.4,2.08,15.5,53.59,954.0,17.8,33.9,2.0,100.0,70.0,9.758,9.055,10.462,0.703,3.155,2.829,3.48,0.326,2.524,2.263,2.784,0.26,22.811,21.779,23.842,1.031,40.505,35.072,45.938,5.433,62,,2,2,40.505,40.505,53.59,80
M0062,M012D,M012,M0062.jpg,2026-09-28T07:51:23.632737,code-main-2026-09-22,FOUND,PASS,,4578.76,18.4,2.08,15.5,53.41,951.0,17.8,33.9,4.0,100.0,112.0,8.394,5.771,9.566,1.532,2.565,1.876,3.118,0.482,2.052,1.501,2.494,0.386,16.938,8.199,22.548,5.574,25.257,8.512,37.953,11.521,100,,4,4,25.257,25.257,53.41,80
M0063,M012E,M012,M0063.jpg,2026-09-28T07:51:35.605472,code-main-2026-09-22,FOUND,PASS,,4578.76,18.4,2.08,15.5,51.88,923.0,17.8,33.9,4.0,75.0,74.0,9.291,8.895,10.047,0.468,3.136,2.848,3.607,0.284,2.508,2.278,2.885,0.227,20.967,20.142,21.833,0.706,38.332,34.136,48.53,5.919,72,,4,4,34.933,38.332,51.88,80
M0064,M013A,M013,M0064.jpg,2026-09-28T07:51:44.440069,code-main-2026-09-22,FOUND,PASS,,4130.84,16.6,1.92,17.3,52.75,939.0,17.8,33.9,2.0,100.0,113.0,9.006,8.906,9.106,0.1,2.454,2.378,2.53,0.076,1.963,1.902,2.024,0.061,16.754,16.476,17.031,0.277,22.718,21.568,23.869,1.151,100,,2,2,22.718,22.718,52.75,75
M0065,M013B,M013,M0065.jpg,2026-09-28T07:51:53.483833,code-main-2026-09-22,FOUND,PASS,,4130.84,16.6,1.92,17.3,52.99,943.0,17.8,33.9,3.0,100.0,94.0,7.933,7.055,8.704,0.678,2.863,2.527,3.042,0.237,2.29,2.022,2.434,0.19,17.134,16.109,18.708,1.13,27.108,23.287,30.69,3.027,84,,3,3,27.108,27.108,52.99,75
M0066,M013C,M013,M0066.jpg,2026-09-28T07:52:03.901130,code-main-2026-09-22,FOUND,PASS,,4130.84,16.6,1.92,17.3,52.95,942.0,17.8,33.9,1.0,100.0,101.0,7.991,7.991,7.991,0.0,2.753,2.753,2.753,0.0,2.202,2.202,2.202,0.0,16.979,16.979,16.979,0.0,25.36,25.36,25.36,0.0,90,,1,1,25.36,25.36,52.95,75
M0067,M013D,M013,M0067.jpg,2026-09-28T07:52:12.267462,code-main-2026-09-22,FOUND,PASS,,4130.84,16.6,1.92,17.3,51.86,923.0,17.8,33.9,3.0,100.0,72.0,9.191,8.195,10.722,1.099,2.993,2.771,3.333,0.244,2.395,2.217,2.666,0.195,20.875,16.043,27.374,4.774,35.413,26.358,49.878,10.336,64,,3,3,35.413,35.413,51.86,75
M0068,M013E,M013,M0068.jpg,2026-09-28T07:52:22.853068,code-main-2026-09-22,FOUND,PASS,,4130.84,16.6,1.92,17.3,52.79,940.0,17.8,33.9,4.0,100.0,88.0,8.111,6.492,9.455,1.061,2.919,2.678,3.11,0.156,2.335,2.143,2.488,0.125,17.405,14.482,20.855,2.317,29.167,23.06,38.297,5.86,78,,4,4,29.167,29.167,52.79,75
M0069,M014A,M014,M0069.jpg,2026-09-28T07:52:31.402966,code-main-2026-09-22,FOUND,PASS,,3434.07,13.8,1.62,20.1,51.24,912.0,17.8,33.9,5.0,100.0,82.0,7.782,7.15,9.043,0.665,2.824,2.689,2.936,0.105,2.259,2.151,2.349,0.084,16.17,14.954,17.702,0.994,26.016,22.798,31.045,2.89,73,,5,5,26.016,26.016,51.24,65
M0070,M014B,M014,M0070.jpg,2026-09-28T07:52:40.935987,code-main-2026-09-22,FOUND,PASS,,3434.07,13.8,1.62,20.1,51.84,923.0,17.8,33.9,5.0,100.0,75.0,8.487,6.302,9.296,1.117,2.759,2.311,3.197,0.362,2.207,1.849,2.558,0.289,16.748,11.295,20.342,3.164,28.238,14.094,39.805,9.898,67,,5,5,28.238,28.238,51.84,65
M0071,M014C,M014,M0071.jpg,2026-09-28T07:52:50.636867,code-main-2026-09-22,FOUND,PASS,,3434.07,13.8,1.62,20.1,52.65,937.0,17.8,33.9,6.0,83.33,104.0,7.444,6.527,8.768,0.874,2.544,2.233,2.915,0.256,2.035,1.787,2.332,0.205,14.111,11.134,19.388,2.567,20.45,14.373,31.211,5.346,103,,6,6,18.297,20.45,52.65,65
M0072,M014D,M014,M0072.jpg,2026-09-28T07:53:00.422837,code-main-2026-09-22,FOUND,PASS,,3434.07,13.8,1.62,20.1,51.49,917.0,17.8,33.9,4.0,100.0,81.0,8.018,7.356,8.517,0.45,2.809,2.672,2.981,0.114,2.247,2.138,2.385,0.091,16.54,16.166,16.929,0.273,26.424,24.934,27.388,0.944,71,,4,4,26.424,26.424,51.49,65
M0073,M014E,M014,M0073.jpg,2026-09-28T07:53:10.062139,code-main-2026-09-22,FOUND,PASS,,3434.07,13.8,1.62,20.1,51.24,912.0,17.8,33.9,1.0,100.0,70.0,8.306,8.306,8.306,0.0,2.955,2.955,2.955,0.0,2.364,2.364,2.364,0.0,18.361,18.361,18.361,0.0,30.385,30.385,30.385,0.0,62,,1,1,30.385,30.385,51.24,65
M0074,M015A,M015,M0074.jpg,2026-09-28T07:53:19.674162,code-main-2026-09-22,FOUND,PASS,,3011.03,12.1,1.38,21.8,50.63,901.0,17.8,33.9,1.0,100.0,74.0,8.45,8.45,8.45,0.0,2.665,2.665,2.665,0.0,2.132,2.132,2.132,0.0,16.359,16.359,16.359,0.0,25.134,25.134,25.134,0.0,66,,1,1,25.134,25.134,50.63,55
M0075,M015B,M015,M0075.jpg,2026-09-28T07:53:27.767160,code-main-2026-09-22,FOUND,PASS,,3011.03,12.1,1.38,21.8,49.98,890.0,17.8,33.9,1.0,100.0,95.0,7.831,7.831,7.831,0.0,2.448,2.448,2.448,0.0,1.958,1.958,1.958,0.0,13.901,13.901,13.901,0.0,19.652,19.652,19.652,0.0,84,,1,1,19.652,19.652,49.98,55
M0076,M015C,M015,M0076.jpg,2026-09-28T07:53:36.972543,code-main-2026-09-22,FOUND,PASS,,3011.03,12.1,1.38,21.8,49.47,881.0,17.8,33.9,2.0,100.0,50.0,8.577,8.251,8.903,0.326,3.228,3.142,3.313,0.085,2.582,2.514,2.651,0.068,20.626,20.473,20.778,0.153,37.383,36.826,37.941,0.557,44,,2,2,37.383,37.383,49.47,55
M0077,M015D,M015,M0077.jpg,2026-09-28T07:53:45.829871,code-main-2026-09-22,FOUND,PASS,,3011.03,12.1,1.38,21.8,50.05,891.0,17.8,33.9,2.0,100.0,60.0,8.933,7.743,10.122,1.19,2.896,2.66,3.132,0.236,2.317,2.128,2.505,0.189,18.365,17.262,19.467,1.102,30.905,30.004,31.806,0.901,54,,2,2,30.905,30.905,50.05,55
M0078,M015E,M015,M0078.jpg,2026-09-28T07:53:55.627108,code-main-2026-09-22,FOUND,PASS,,3011.03,12.1,1.38,21.8,51.39,915.0,17.8,33.9,3.0,100.0,80.0,8.142,6.882,9.611,1.124,2.618,2.574,2.658,0.034,2.094,2.059,2.126,0.027,15.262,13.134,17.46,1.767,23.414,19.103,27.665,3.496,71,,3,3,23.414,23.414,51.39,55
M0079,M016A,M016,M0079.jpg,2026-09-28T07:54:03.768631,code-main-2026-09-22,FOUND,PASS,,2488.46,10.0,1.13,23.9,49.26,877.0,17.8,33.9,3.0,100.0,49.0,7.987,7.755,8.175,0.174,3.054,2.818,3.416,0.26,2.444,2.254,2.733,0.208,18.11,16.518,20.004,1.439,31.477,25.79,39.259,5.695,43,,3,3,31.477,31.477,49.26,45
M0080,M016B,M016,M0080.jpg,2026-09-28T07:54:13.421453,code-main-2026-09-22,FOUND,PASS,,2488.46,10.0,1.13,23.9,49.04,873.0,17.8,33.9,3.0,100.0,57.0,8.245,7.152,9.204,0.843,2.781,2.421,3.026,0.26,2.225,1.937,2.421,0.208,17.137,15.391,20.301,2.242,27.002,20.574,35.297,6.154,51,,3,3,27.002,27.002,49.04,45
M0082,M016D,M016,M0082.jpg,2026-09-28T07:54:29.909512,code-main-2026-09-22,FOUND,PASS,,2488.46,10.0,1.13,23.9,49.57,882.0,17.8,33.9,5.0,100.0,54.0,8.149,7.865,8.804,0.354,2.893,2.707,3.184,0.175,2.314,2.165,2.547,0.14,17.359,16.073,18.43,0.917,28.67,24.132,34.996,3.705,48,,5,5,28.67,28.67,49.57,45
M0083,M016E,M016,M0083.jpg,2026-09-28T07:54:38.861909,code-main-2026-09-22,FOUND,PASS,,2488.46,10.0,1.13,23.9,50.67,902.0,17.8,33.9,2.0,100.0,60.0,8.843,8.808,8.878,0.035,2.598,2.103,3.092,0.494,2.078,1.683,2.474,0.395,16.541,12.33,20.752,4.211,25.863,16.452,35.274,9.411,53,,2,2,25.863,25.863,50.67,45
M0084,M017A,M017,M0084.jpg,2026-09-28T07:54:47.058522,code-main-2026-09-22,FOUND,PASS,,1965.88,7.9,0.89,26.0,48.78,868.0,17.8,33.9,3.0,100.0,50.0,8.022,7.46,9.079,0.748,2.687,2.611,2.827,0.099,2.149,2.088,2.261,0.079,16.086,14.987,17.116,0.871,24.207,21.489,26.167,1.983,45,,3,3,24.207,24.207,48.78,35
M0085,M017B,M017,M0085.jpg,2026-09-28T07:54:56.924171,code-main-2026-09-22,FOUND,PASS,,1965.88,7.9,0.89,26.0,48.98,872.0,17.8,33.9,5.0,60.0,34.0,8.43,7.13,10.12,1.107,3.2,2.755,3.878,0.389,2.56,2.204,3.103,0.311,19.722,17.8,22.057,1.597,35.856,26.637,44.921,5.892,30,,5,5,35.907,35.856,48.98,35
M0086,M017C,M017,M0086.jpg,2026-09-28T07:55:06.263880,code-main-2026-09-22,FOUND,PASS,,1965.88,7.9,0.89,26.0,48.85,870.0,17.8,33.9,2.0,100.0,34.0,8.32,7.645,8.994,0.674,3.186,3.128,3.244,0.058,2.549,2.503,2.595,0.046,20.222,18.02,22.424,2.202,35.489,31.34,39.638,4.149,30,,2,2,35.489,35.489,48.85,35
M0087,M017D,M017,M0087.jpg,2026-09-28T07:55:14.180254,code-main-2026-09-22,FOUND,PASS,,1965.88,7.9,0.89,26.0,49.94,889.0,17.8,33.9,2.0,100.0,43.0,7.948,7.503,8.394,0.445,2.837,2.352,3.322,0.485,2.27,1.881,2.658,0.388,17.31,13.161,21.459,4.149,28.096,17.382,38.809,10.713,38,,2,2,28.096,28.096,49.94,35
M0088,M017E,M017,M0088.jpg,2026-09-28T07:55:23.976848,code-main-2026-09-22,FOUND,PASS,,1965.88,7.9,0.89,26.0,49.35,878.0,17.8,33.9,3.0,100.0,40.0,9.089,8.484,9.47,0.432,2.835,2.718,3.031,0.139,2.268,2.174,2.425,0.111,19.209,17.382,21.051,1.498,30.748,26.252,35.837,3.935,35,,3,3,30.748,30.748,49.35,35
M0089,M017F,M017,M0089.jpg,2026-09-28T07:55:32.972202,code-main-2026-09-22,FOUND,PASS,,1965.88,7.9,0.89,26.0,50.12,892.0,17.8,33.9,3.0,100.0,41.0,8.975,7.864,10.283,0.997,2.831,2.671,3.009,0.138,2.265,2.137,2.407,0.111,18.107,16.935,19.268,0.952,30.031,26.074,33.285,2.986,36,,3,3,30.031,30.031,50.12,35
M0090,M018A,M018,M0090.jpg,2026-09-28T07:55:41.392146,code-main-2026-09-22,FOUND,PASS,,4728.07,19.0,2.34,14.9,53.41,951.0,17.8,33.9,1.0,100.0,79.0,8.597,8.597,8.597,0.0,3.207,3.207,3.207,0.0,2.565,2.565,2.565,0.0,20.987,20.987,20.987,0.0,37.027,37.027,37.027,0.0,70,,1,1,37.027,37.027,53.41,90
M0091,M018B,M018,M0091.jpg,2026-09-28T07:55:51.493409,code-main-2026-09-22,FOUND,PASS,,4728.07,19.0,2.34,14.9,53.15,946.0,17.8,33.9,3.0,100.0,45.0,8.731,8.59,8.878,0.118,3.936,2.602,6.126,1.561,3.149,2.082,4.901,1.249,25.641,17.714,38.931,9.456,64.962,25.181,135.044,49.706,40,,3,3,64.962,64.962,53.15,90
M0092,M018C,M018,M0092.jpg,2026-09-28T07:56:03.926825,code-main-2026-09-22,FOUND,PASS,,4728.07,19.0,2.34,14.9,53.59,954.0,17.8,33.9,2.0,100.0,114.0,8.089,7.509,8.67,0.581,2.756,2.756,2.756,0.0,2.205,2.205,2.205,0.0,16.705,15.576,17.834,1.129,25.734,23.891,27.578,1.843,101,,2,2,25.734,25.734,53.59,90
M0093,M018D,M018,M0093.jpg,2026-09-28T07:56:13.174228,code-main-2026-09-22,FOUND,PASS,,4728.07,19.0,2.34,14.9,54.17,964.0,17.8,33.9,7.0,100.0,121.0,7.67,6.405,10.123,1.403,2.704,2.11,3.949,0.569,2.163,1.688,3.159,0.455,14.996,10.158,21.075,3.463,24.22,11.949,41.865,9.996,107,,7,7,24.22,24.22,54.17,90
M0094,M018E,M018,M0094.jpg,2026-09-28T07:56:24.005275,code-main-2026-09-22,FOUND,PASS,,4728.07,19.0,2.34,14.9,54.05,962.0,17.8,33.9,2.0,100.0,89.0,8.019,7.751,8.287,0.268,3.131,3.049,3.214,0.083,2.505,2.439,2.571,0.066,18.388,17.32,19.456,1.068,33.02,30.177,35.862,2.842,79,,2,2,33.02,33.02,54.05,90
M0095,M019A,M019,M0095.jpg,2026-09-28T07:56:34.895594,code-main-2026-09-22,FOUND,PASS,,4952.03,19.9,2.44,14.0,54.39,968.0,17.8,33.9,3.0,100.0,88.0,9.099,8.452,9.536,0.466,3.026,2.897,3.203,0.129,2.421,2.317,2.562,0.104,20.574,18.5,21.949,1.492,35.049,29.707,39.999,4.211,78,,3,3,35.049,35.049,54.39,95
M0096,M019B,M019,M0096.jpg,2026-09-28T07:56:44.071606,code-main-2026-09-22,FOUND,PASS,,4952.03,19.9,2.44,14.0,53.96,960.0,17.8,33.9,4.0,100.0,98.0,8.543,7.827,9.765,0.731,2.955,2.835,3.135,0.112,2.364,2.268,2.508,0.089,18.797,15.452,21.817,2.278,31.273,26.356,34.436,3.32,87,,4,4,31.273,31.273,53.96,95
M0097,M019C,M019,M0097.jpg,2026-09-28T07:56:55.485802,code-main-2026-09-22,FOUND,PASS,,4952.03,19.9,2.44,14.0,53.45,951.0,17.8,33.9,2.0,100.0,164.0,7.149,6.741,7.556,0.408,2.506,2.29,2.721,0.216,2.004,1.832,2.177,0.173,13.447,12.799,14.096,0.649,18.752,16.597,20.908,2.156,145,,2,2,18.752,18.752,53.45,95
M0098,M019D,M019,M0098.jpg,2026-09-28T07:57:05.374150,code-main-2026-09-22,FOUND,PASS,,4952.03,19.9,2.44,14.0,52.91,942.0,17.8,33.9,3.0,100.0,150.0,8.19,7.149,9.15,0.819,2.458,2.268,2.713,0.188,1.966,1.814,2.171,0.15,15.157,14.852,15.39,0.225,20.525,19.716,22.047,1.077,133,,3,3,20.525,20.525,52.91,95
M0099,M019E,M019,M0099.jpg,2026-09-28T07:57:16.115080,code-main-2026-09-22,FOUND,PASS,,4952.03,19.9,2.44,14.0,54.01,961.0,17.8,33.9,3.0,100.0,125.0,8.241,7.728,8.643,0.382,2.653,2.466,2.867,0.165,2.122,1.973,2.294,0.132,16.439,14.579,17.822,1.366,24.47,19.684,28.767,3.724,111,,3,3,24.47,24.47,54.01,95
M0100,M020A,M020,M0100.jpg,2026-09-28T07:57:27.466834,code-main-2026-09-22,FOUND,PASS,,5200.87,20.9,2.58,13.0,54.91,977.0,17.8,33.9,4.0,100.0,130.0,8.385,7.119,9.886,1.004,2.658,2.579,2.737,0.073,2.126,2.064,2.19,0.058,16.706,13.238,19.396,2.252,24.81,19.84,27.784,3.024,115,,4,4,24.81,24.81,54.91,100
M0101,M020B,M020,M0101.jpg,2026-09-28T07:57:38.852641,code-main-2026-09-22,FOUND,PASS,,5200.87,20.9,2.58,13.0,56.15,999.0,17.8,33.9,3.0,100.0,140.0,8.375,7.439,9.719,0.974,2.566,2.307,3.029,0.328,2.053,1.846,2.423,0.263,16.088,14.461,17.047,1.156,22.958,18.613,28.594,4.176,125,,3,3,22.958,22.958,56.15,100
M0102,M020C,M020,M0102.jpg,2026-09-28T07:57:50.314041,code-main-2026-09-22,FOUND,PASS,,5200.87,20.9,2.58,13.0,55.65,991.0,17.8,33.9,2.0,100.0,112.0,7.868,7.155,8.582,0.713,2.934,2.781,3.086,0.152,2.347,2.225,2.469,0.122,15.772,13.489,18.056,2.283,28.712,23.187,34.237,5.525,100,,2,2,28.712,28.712,55.65,100
M0103,M020D,M020,M0103.jpg,2026-09-28T07:58:00.676146,code-main-2026-09-22,FOUND,PASS,,5200.87,20.9,2.58,13.0,55.52,988.0,17.8,33.9,5.0,100.0,102.0,8.199,6.517,9.151,0.921,3.003,2.428,3.453,0.41,2.402,1.942,2.762,0.328,17.476,12.694,21.072,2.984,31.692,18.459,39.845,9.239,90,,5,5,31.692,31.692,55.52,100
M0104,M020E,M020,M0104.jpg,2026-09-28T07:58:11.175850,code-main-2026-09-22,FOUND,PASS,,5200.87,20.9,2.58,13.0,54.26,966.0,17.8,33.9,5.0,100.0,128.0,8.139,7.717,8.541,0.331,2.71,2.456,3.024,0.204,2.168,1.965,2.419,0.163,16.124,13.907,19.062,1.86,25.224,20.841,32.709,4.344,113,,5,5,25.224,25.224,54.26,100
M0105,M021A,M021,M0105.jpg,2026-09-28T07:58:21.668218,code-main-2026-09-22,FOUND,PASS,,1318.88,5.3,0.6,28.6,48.52,864.0,17.8,33.9,1.0,100.0,25.0,9.395,9.395,9.395,0.0,2.885,2.885,2.885,0.0,2.308,2.308,2.308,0.0,19.209,19.209,19.209,0.0,32.758,32.758,32.758,0.0,22,,1,1,32.758,32.758,48.52,25
M0106,M021B,M021,M0106.jpg,2026-09-28T07:58:30.766551,code-main-2026-09-22,FOUND,PASS,,1318.88,5.3,0.6,28.6,50.48,899.0,17.8,33.9,5.0,80.0,24.0,8.964,6.243,10.238,1.491,2.992,2.548,3.475,0.388,2.393,2.039,2.78,0.31,18.988,14.862,25.777,3.753,33.531,23.215,48.747,8.517,24,,5,5,29.728,33.531,50.48,25
M0107,M021C,M021,M0107.jpg,2026-09-28T07:58:39.471488,code-main-2026-09-22,FOUND,PASS,,1318.88,5.3,0.6,28.6,48.83,869.0,17.8,33.9,3.0,100.0,10.0,8.161,5.981,9.568,1.563,4.065,2.474,7.047,2.11,3.252,1.979,5.638,1.688,22.339,11.645,38.435,11.585,79.947,17.922,199.022,84.223,9,,3,3,79.947,79.947,48.83,25
M0108,M021D,M021,M0108.jpg,2026-09-28T07:58:47.918708,code-main-2026-09-22,FOUND,PASS,,1318.88,5.3,0.6,28.6,48.6,865.0,17.8,33.9,2.0,100.0,23.0,8.886,8.652,9.12,0.234,3.035,2.563,3.506,0.471,2.428,2.051,2.805,0.377,20.297,16.847,23.748,3.451,35.386,23.812,46.96,11.574,20,,2,2,35.386,35.386,48.6,25
M0109,M021E,M021,M0109.jpg,2026-09-28T07:58:57.874287,code-main-2026-09-22,FOUND,PASS,,1318.88,5.3,0.6,28.6,49.73,885.0,17.8,33.9,3.0,100.0,32.0,7.077,6.837,7.489,0.293,2.949,2.861,3.079,0.094,2.359,2.289,2.463,0.075,15.431,14.889,16.363,0.662,25.79,23.439,27.412,1.702,28,,3,3,25.79,25.79,49.73,25
M0110,M021F,M021,M0110.jpg,2026-09-28T07:59:07.087421,code-main-2026-09-22,FOUND,PASS,,1318.88,5.3,0.6,28.6,49.22,876.0,17.8,33.9,2.0,100.0,41.0,7.767,7.734,7.8,0.033,2.473,2.375,2.571,0.098,1.978,1.9,2.057,0.078,14.119,13.095,15.143,1.024,19.921,18.427,21.414,1.493,36,,2,2,19.921,19.921,49.22,25
M0111,M022A,M022,M0111.jpg,2026-09-28T07:59:15.647811,code-main-2026-09-22,FOUND,PASS,,5997.18,24.1,2.94,9.8,54.98,979.0,17.8,33.9,4.0,100.0,135.0,8.945,8.273,9.647,0.518,2.674,2.257,3.177,0.39,2.139,1.805,2.541,0.312,18.084,14.275,23.662,3.708,27.63,17.647,40.779,9.077,119,,4,4,27.63,27.63,54.98,110
M0112,M022B,M022,M0112.jpg,2026-09-28T07:59:25.560284,code-main-2026-09-22,FOUND,PASS,,5997.18,24.1,2.94,9.8,55.81,993.0,17.8,33.9,5.0,100.0,170.0,8.081,6.459,9.702,1.257,2.539,2.212,2.824,0.234,2.031,1.77,2.259,0.187,14.892,12.017,18.943,2.377,21.918,17.118,30.338,5.041,150,,5,5,21.918,21.918,55.81,110
M0113,M022C,M022,M0113.jpg,2026-09-28T07:59:36.590050,code-main-2026-09-22,FOUND,PASS,,5997.18,24.1,2.94,9.8,56.38,1004.0,17.8,33.9,5.0,60.0,172.0,7.941,6.219,9.518,1.317,2.557,2.271,2.983,0.282,2.045,1.817,2.386,0.225,14.973,11.587,18.492,2.243,21.616,14.868,27.964,4.228,152,,5,5,21.749,21.616,56.38,110
M0114,M022D,M022,M0114.jpg,2026-09-28T07:59:46.953574,code-main-2026-09-22,FOUND,PASS,,5997.18,24.1,2.94,9.8,55.88,995.0,17.8,33.9,1.0,100.0,141.0,9.107,9.107,9.107,0.0,2.629,2.629,2.629,0.0,2.103,2.103,2.103,0.0,18.226,18.226,18.226,0.0,26.373,26.373,26.373,0.0,125,,1,1,26.373,26.373,55.88,110
M0115,M022E,M022,M0115.jpg,2026-09-28T07:59:57.930944,code-main-2026-09-22,FOUND,PASS,,5997.18,24.1,2.94,9.8,55.92,995.0,17.8,33.9,4.0,100.0,127.0,8.712,8.274,9.087,0.306,2.805,2.369,3.402,0.439,2.244,1.895,2.721,0.351,18.012,15.457,20.688,2.517,29.288,20.763,40.106,8.624,113,,4,4,29.288,29.288,55.92,110
M0116,M023A,M023,M0116.jpg,2026-09-28T08:00:09.406873,code-main-2026-09-22,FOUND,PASS,,6320.68,25.4,3.22,8.5,57.27,1019.0,17.8,33.9,6.0,100.0,159.0,8.281,7.062,9.95,0.884,2.657,2.308,2.921,0.217,2.126,1.846,2.337,0.173,15.907,12.337,21.235,2.876,24.677,19.308,33.328,5.019,141,,6,6,24.677,24.677,57.27,120
M0117,M023B,M023,M0117.jpg,2026-09-28T08:00:22.697525,code-main-2026-09-22,FOUND,PASS,,6320.68,25.4,3.22,8.5,56.6,1007.0,17.8,33.9,5.0,100.0,163.0,8.13,6.183,9.907,1.492,2.542,1.921,3.279,0.496,2.033,1.537,2.623,0.397,15.67,8.376,22.882,5.255,24.019,9.558,44.627,12.678,145,,5,5,24.019,24.019,56.6,120
M0118,M023C,M023,M0118.jpg,2026-09-28T08:00:33.905060,code-main-2026-09-22,FOUND,PASS,,6320.68,25.4,3.22,8.5,56.87,1012.0,17.8,33.9,3.0,100.0,195.0,6.854,4.914,9.097,1.721,2.635,2.487,2.797,0.127,2.108,1.989,2.238,0.102,13.263,8.929,16.945,3.305,20.126,12.726,26.182,5.575,173,,3,3,20.126,20.126,56.87,120
M0119,M023D,M023,M0119.jpg,2026-09-28T08:00:45.797829,code-main-2026-09-22,FOUND,PASS,,6320.68,25.4,3.22,8.5,57.43,1022.0,17.8,33.9,2.0,100.0,118.0,9.906,8.997,10.815,0.909,2.815,2.7,2.93,0.115,2.252,2.16,2.344,0.092,20.493,18.255,22.731,2.238,33.181,27.464,38.898,5.717,105,,2,2,33.181,33.181,57.43,120
M0120,M023E,M023,M0120.jpg,2026-09-28T08:00:56.082135,code-main-2026-09-22,FOUND,PASS,,6320.68,25.4,3.22,8.5,57.09,1016.0,17.8,33.9,1.0,100.0,144.0,8.973,8.973,8.973,0.0,2.69,2.69,2.69,0.0,2.152,2.152,2.152,0.0,17.864,17.864,17.864,0.0,27.205,27.205,27.205,0.0,128,,1,1,27.205,27.205,57.09,120
M0121,M024A,M024,M0121.jpg,2026-09-28T08:01:06.741499,code-main-2026-09-22,FOUND,PASS,,6793.48,27.3,3.46,6.6,57.95,1031.0,17.8,33.9,5.0,100.0,151.0,7.92,6.187,9.466,1.304,2.848,2.382,3.296,0.339,2.278,1.906,2.637,0.271,17.154,11.163,24.126,4.371,27.871,14.71,43.084,9.665,134,,5,5,27.871,27.871,57.95,130
M0122,M024B,M024,M0122.jpg,2026-09-28T08:01:19.262602,code-main-2026-09-22,FOUND,PASS,,6793.48,27.3,3.46,6.6,57.58,1025.0,17.8,33.9,4.0,75.0,152.0,7.571,6.873,8.867,0.777,2.905,2.565,3.495,0.354,2.324,2.052,2.796,0.283,16.568,13.691,23.097,3.828,27.795,20.542,45.359,10.22,170,,4,4,21.941,27.795,57.58,130
M0123,M024C,M024,M0123.jpg,2026-09-28T08:01:30.979275,code-main-2026-09-22,FOUND,PASS,,6793.48,27.3,3.46,6.6,57.18,1018.0,17.8,33.9,3.0,100.0,198.0,8.8,8.19,10.003,0.851,2.412,2.257,2.555,0.122,1.929,1.806,2.044,0.098,15.823,14.419,17.321,1.187,21.305,20.163,22.404,0.915,175,,3,3,21.305,21.305,57.18,130
M0124,M024D,M024,M0124.jpg,2026-09-28T08:01:42.166647,code-main-2026-09-22,FOUND,PASS,,6793.48,27.3,3.46,6.6,57.07,1016.0,17.8,33.9,5.0,100.0,157.0,8.474,7.003,9.656,0.991,2.718,2.349,3.049,0.265,2.174,1.88,2.44,0.212,17.301,12.83,22.258,3.695,26.9,17.822,37.612,7.653,139,,5,5,26.9,26.9,57.07,130
M0125,M024E,M024,M0125.jpg,2026-09-28T08:01:55.913709,code-main-2026-09-22,FOUND,PASS,,6793.48,27.3,3.46,6.6,58.41,1040.0,17.8,33.9,5.0,60.0,180.0,8.01,6.847,9.059,0.937,2.621,2.078,3.23,0.369,2.097,1.663,2.584,0.295,15.565,10.447,17.585,2.589,23.386,12.39,30.349,5.931,151,,5,5,24.731,23.386,58.41,130
M0126,M025A,M025,M0126.jpg,2026-09-28T08:02:09.243404,code-main-2026-09-22,FOUND,PASS,,7589.79,30.5,3.71,3.4,59.91,1066.0,17.8,33.9,1.0,100.0,230.0,5.914,5.914,5.914,0.0,2.875,2.875,2.875,0.0,2.3,2.3,2.3,0.0,12.874,12.874,12.874,0.0,20.471,20.471,20.471,0.0,204,,1,1,20.471,20.471,59.91,140
M0127,M025B,M025,M0127.jpg,2026-09-28T08:02:22.167907,code-main-2026-09-22,FOUND,PASS,,7589.79,30.5,3.71,3.4,60.06,1069.0,17.8,33.9,1.0,100.0,216.0,5.736,5.736,5.736,0.0,3.011,3.011,3.011,0.0,2.409,2.409,2.409,0.0,13.037,13.037,13.037,0.0,21.777,21.777,21.777,0.0,192,,1,1,21.777,21.777,60.06,140
M0128,M026A,M026,M0128.jpg,2026-09-28T08:02:36.715932,code-main-2026-09-22,FOUND,PASS,,7594.03,18.6,3.95,18.5,52.89,1206.0,22.8,37.1,3.0,100.0,192.0,8.284,8.023,8.431,0.186,2.646,2.394,2.938,0.224,2.117,1.915,2.351,0.179,16.706,14.74,19.054,1.782,24.552,19.261,30.492,4.608,170,,3,3,24.552,24.552,52.89,150
M0129,M026B,M026,M0129.jpg,2026-09-28T08:02:51.006195,code-main-2026-09-22,FOUND,PASS,,7594.03,18.6,3.95,18.5,53.21,1213.0,22.8,37.1,3.0,100.0,194.0,8.142,7.916,8.566,0.3,2.658,2.363,2.96,0.244,2.126,1.891,2.368,0.195,16.42,14.39,18.134,1.545,24.291,18.518,29.15,4.388,172,,3,3,24.291,24.291,53.21,150
M0130,M027A,M027,M0130.jpg,2026-09-28T08:03:03.283653,code-main-2026-09-22,FOUND,PASS,,8002.32,19.6,4.07,17.5,53.48,1219.0,22.8,37.1,6.0,83.33,168.0,8.165,6.944,8.811,0.618,2.887,2.458,3.744,0.429,2.31,1.966,2.995,0.343,17.505,13.092,24.776,3.623,29.505,17.565,51.724,10.795,176,,6,6,25.061,29.505,53.48,155
M0131,M027B,M027,M0131.jpg,2026-09-28T08:03:17.731183,code-main-2026-09-22,FOUND,PASS,,8002.32,19.6,4.07,17.5,53.39,1217.0,22.8,37.1,5.0,80.0,159.0,8.965,7.666,9.757,0.693,2.88,2.428,3.112,0.239,2.304,1.942,2.49,0.191,18.72,15.412,21.267,2.095,31.191,22.528,34.787,4.501,132,,5,5,33.357,31.191,53.39,155
M0132,M027C,M027,M0132.jpg,2026-09-28T08:03:30.064949,code-main-2026-09-22,FOUND,PASS,,8002.32,19.6,4.07,17.5,54.04,1232.0,22.8,37.1,6.0,83.33,238.0,7.675,6.026,9.019,1.02,2.502,2.047,3.164,0.361,2.002,1.637,2.531,0.288,14.596,10.963,22.186,3.67,20.816,14.604,37.815,8.177,253,,6,6,17.417,20.816,54.04,155
M0133,M028A,M028,M0133.jpg,2026-09-28T08:03:43.532554,code-main-2026-09-22,FOUND,PASS,,8247.28,20.2,4.19,16.9,54.92,1252.0,22.8,37.1,5.0,80.0,173.0,8.015,6.225,9.391,1.177,2.95,2.591,3.326,0.271,2.36,2.072,2.661,0.217,17.593,12.363,21.391,3.19,29.552,17.498,37.783,6.763,139,,5,5,32.565,29.552,54.92,160
M0134,M028B,M028,M0134.jpg,2026-09-28T08:03:57.162907,code-main-2026-09-22,FOUND,PASS,,8247.28,20.2,4.19,16.9,55.02,1255.0,22.8,37.1,9.0,77.78,193.0,8.046,7.145,9.009,0.705,2.748,2.372,3.75,0.426,2.198,1.897,3.0,0.341,16.481,12.725,23.504,3.418,26.475,16.833,53.055,10.729,181,,7,9,25.092,26.475,55.02,160
M0135,M028C,M028,M0135.jpg,2026-09-28T08:04:09.060770,code-main-2026-09-22,FOUND,PASS,,8247.28,20.2,4.19,16.9,53.69,1224.0,22.8,37.1,9.0,88.89,222.0,8.079,5.348,10.462,1.698,2.549,1.938,3.103,0.322,2.039,1.55,2.483,0.258,15.779,7.961,24.134,4.686,23.025,8.505,42.203,9.329,173,,7,9,26.204,23.025,53.69,160
M0136,M028D,M028,M0136.jpg,2026-09-28T08:04:25.984965,code-main-2026-09-22,FOUND,PASS,,8247.28,20.2,4.19,16.9,55.13,1257.0,22.8,37.1,6.0,100.0,162.0,8.434,6.887,9.693,1.095,2.94,2.202,3.729,0.511,2.352,1.762,2.983,0.409,18.516,12.855,23.533,4.277,31.597,18.181,46.765,11.668,144,,6,6,31.597,31.597,55.13,160
M0137,M028E,M028,M0137.jpg,2026-09-28T08:04:39.646354,code-main-2026-09-22,FOUND,PASS,,8247.28,20.2,4.19,16.9,55.9,1275.0,22.8,37.1,7.0,100.0,184.0,8.768,8.002,9.643,0.536,2.729,2.238,3.057,0.273,2.183,1.791,2.445,0.218,17.487,13.358,22.135,3.035,27.823,18.587,37.736,6.6,163,,7,7,27.823,27.823,55.9,160
M0138,M029A,M029,M0138.jpg,2026-09-28T08:04:55.709215,code-main-2026-09-22,FOUND,PASS,,8288.11,20.3,4.31,16.8,55.2,1259.0,22.8,37.1,7.0,100.0,234.0,8.008,6.683,9.065,0.804,2.548,2.025,2.852,0.279,2.039,1.62,2.281,0.223,15.333,12.739,18.785,2.144,21.925,15.572,28.857,4.752,208,,7,7,21.925,21.925,55.2,165
M0139,M029B,M029,M0139.jpg,2026-09-28T08:05:10.295636,code-main-2026-09-22,FOUND,PASS,,8288.11,20.3,4.31,16.8,54.03,1232.0,22.8,37.1,8.0,87.5,238.0,7.354,5.514,9.335,1.21,2.574,1.998,3.621,0.447,2.059,1.598,2.896,0.358,13.91,9.869,24.025,4.13,21.601,11.81,51.257,11.565,241,,6,8,18.898,21.601,54.03,165
M0140,M029C,M029,M0140.jpg,2026-09-28T08:05:23.333847,code-main-2026-09-22,FOUND,PASS,,8288.11,20.3,4.31,16.8,54.75,1248.0,22.8,37.1,7.0,85.71,180.0,8.221,6.294,9.915,1.247,2.813,2.135,3.772,0.481,2.25,1.708,3.018,0.385,16.953,11.041,25.177,4.095,28.483,14.446,55.368,12.422,190,,7,7,24.003,28.483,54.75,165
M0141,M029D,M029,M0141.jpg,2026-09-28T08:05:38.452807,code-main-2026-09-22,FOUND,PASS,,8288.11,20.3,4.31,16.8,55.13,1257.0,22.8,37.1,7.0,100.0,238.0,7.518,5.368,8.762,1.092,2.583,2.198,3.046,0.3,2.066,1.758,2.437,0.24,14.276,9.815,19.522,2.903,21.584,12.916,34.062,7.117,211,,7,7,21.584,21.584,55.13,165
M0142,M029E,M029,M0142.jpg,2026-09-28T08:05:52.828602,code-main-2026-09-22,FOUND,PASS,,8288.11,20.3,4.31,16.8,55.1,1256.0,22.8,37.1,6.0,100.0,170.0,7.942,6.44,9.043,0.816,2.991,2.585,3.497,0.305,2.393,2.068,2.798,0.244,17.605,14.006,21.189,2.694,30.139,22.915,39.643,7.2,151,,6,6,30.139,30.139,55.1,165
M0143,M030A,M030,M0143.jpg,2026-09-28T08:06:05.234926,code-main-2026-09-22,FOUND,PASS,,8614.74,21.1,4.46,16.0,54.92,1252.0,22.8,37.1,8.0,100.0,246.0,7.304,6.479,8.665,0.621,2.648,2.123,3.016,0.287,2.118,1.699,2.413,0.23,14.455,12.086,17.635,1.925,21.726,14.231,28.052,4.987,198,,6,8,23.889,21.726,54.92,170
M0144,M030B,M030,M0144.jpg,2026-09-28T08:06:21.404541,code-main-2026-09-22,FOUND,PASS,,8614.74,21.1,4.46,16.0,55.69,1270.0,22.8,37.1,4.0,75.0,254.0,6.352,5.498,7.478,0.863,2.759,2.118,3.579,0.529,2.207,1.695,2.863,0.423,12.171,10.284,15.123,1.832,21.013,14.057,37.038,9.345,302,,4,4,15.671,21.013,55.69,170
M0145,M031A,M031,M0145.jpg,2026-09-28T08:06:33.799123,code-main-2026-09-22,FOUND,PASS,,9063.85,22.2,4.6,14.9,55.75,1271.0,22.8,37.1,10.0,100.0,226.0,8.362,6.248,10.684,1.259,2.652,2.358,2.956,0.2,2.122,1.886,2.365,0.16,16.378,12.711,21.875,2.941,24.9,16.625,36.281,5.901,182,,7,10,27.44,24.9,55.75,175
M0146,M031B,M031,M0146.jpg,2026-09-28T08:06:47.292048,code-main-2026-09-22,FOUND,PASS,,9063.85,22.2,4.6,14.9,54.59,1245.0,22.8,37.1,9.0,100.0,216.0,7.717,6.08,8.979,0.911,2.786,2.253,3.432,0.397,2.229,1.802,2.745,0.317,15.899,10.492,21.634,3.213,26.033,13.015,41.89,9.333,171,,7,9,29.217,26.033,54.59,175
M0147,M032A,M032,M0147.jpg,2026-09-28T08:06:58.774196,code-main-2026-09-22,FOUND,PASS,,9308.82,22.8,4.73,14.3,55.96,1276.0,22.8,37.1,8.0,100.0,195.0,8.801,6.551,10.026,1.047,2.796,2.077,3.461,0.418,2.237,1.661,2.769,0.334,18.375,13.217,23.759,3.819,29.599,16.639,45.801,9.961,154,,6,8,33.351,29.599,55.96,180
M0148,M032B,M032,M0148.jpg,2026-09-28T08:07:09.947644,code-main-2026-09-22,FOUND,PASS,,9308.82,22.8,4.73,14.3,56.29,1283.0,22.8,37.1,8.0,100.0,195.0,8.743,6.582,10.285,1.108,2.797,2.391,3.496,0.393,2.238,1.912,2.797,0.315,18.517,12.047,24.501,4.034,29.605,16.539,47.349,10.224,152,,6,8,33.665,29.605,56.29,180
M0149,M033A,M033,M0149.jpg,2026-09-28T08:07:22.249023,code-main-2026-09-22,FOUND,PASS,,9757.93,23.9,4.84,13.2,57.16,1303.0,22.8,37.1,10.0,100.0,284.0,6.992,5.365,8.649,1.251,2.635,2.079,2.996,0.323,2.108,1.663,2.397,0.258,14.029,8.454,18.547,3.738,21.302,9.79,31.079,7.773,224,,8,10,23.968,21.302,57.16,185
M0150,M033B,M033,M0150.jpg,2026-09-28T08:07:39.780017,code-main-2026-09-22,FOUND,PASS,,9757.93,23.9,4.84,13.2,56.54,1289.0,22.8,37.1,10.0,100.0,296.0,7.159,5.417,9.2,1.381,2.561,2.278,2.866,0.237,2.049,1.822,2.293,0.189,14.062,9.667,19.543,3.926,20.46,12.066,29.874,7.232,262,,10,10,20.46,20.46,56.54,185
M0151,M033C,M033,M0151.jpg,2026-09-28T08:07:58.169075,code-main-2026-09-22,FOUND,PASS,,9757.93,23.9,4.84,13.2,55.4,1263.0,22.8,37.1,4.0,75.0,272.0,8.299,6.926,9.784,1.122,2.517,2.215,2.777,0.2,2.014,1.772,2.222,0.16,15.577,12.891,20.439,2.892,22.26,18.356,31.605,5.459,280,,4,4,19.145,22.26,55.4,185
M0152,M033D,M033,M0152.jpg,2026-09-28T08:08:09.137888,code-main-2026-09-22,FOUND,PASS,,9757.93,23.9,4.84,13.2,55.64,1269.0,22.8,37.1,6.0,66.67,260.0,8.573,7.715,9.554,0.665,2.539,2.341,2.707,0.141,2.031,1.873,2.165,0.112,16.208,13.681,18.62,1.429,23.249,17.71,28.535,3.245,230,,6,6,23.313,23.249,55.64,185
M0153,M033E,M033,M0153.jpg,2026-09-28T08:08:21.218552,code-main-2026-09-22,FOUND,PASS,,9757.93,23.9,4.84,13.2,55.81,1273.0,22.8,37.1,5.0,100.0,237.0,8.221,6.079,9.781,1.356,2.695,2.489,2.863,0.168,2.156,1.991,2.291,0.134,16.361,11.433,20.602,3.651,25.556,15.77,33.592,6.886,210,,5,5,25.556,25.556,55.81,185
M0154,M034A,M034,M0154.jpg,2026-09-28T08:08:31.822333,code-main-2026-09-22,FOUND,PASS,,9962.07,24.4,5.0,12.7,57.23,1305.0,22.8,37.1,5.0,80.0,315.0,7.973,6.058,9.877,1.327,2.396,2.19,2.652,0.157,1.917,1.752,2.121,0.126,14.382,10.143,18.034,2.718,19.598,12.166,29.092,5.592,318,,5,5,17.225,19.598,57.23,190
M0155,M034B,M034,M0155.jpg,2026-09-28T08:08:43.736817,code-main-2026-09-22,FOUND,PASS,,9962.07,24.4,5.0,12.7,57.17,1303.0,22.8,37.1,7.0,85.71,265.0,8.327,5.588,10.186,1.495,2.592,2.235,3.027,0.244,2.073,1.788,2.421,0.195,16.103,12.011,19.946,2.631,23.272,17.552,33.588,4.889,254,,7,7,21.553,23.272,57.17,190
M0156,M035A,M035,M0156.jpg,2026-09-28T08:08:54.993963,code-main-2026-09-22,FOUND,PASS,,10247.86,25.1,5.13,12.0,57.5,1311.0,22.8,37.1,10.0,100.0,274.0,7.328,5.736,9.156,1.099,2.73,2.158,3.137,0.303,2.184,1.726,2.51,0.242,14.802,9.85,19.62,2.851,23.19,13.815,32.423,6.261,216,,7,10,26.148,23.19,57.5,195
M0157,M035B,M035,M0157.jpg,2026-09-28T08:09:08.995188,code-main-2026-09-22,FOUND,PASS,,10247.86,25.1,5.13,12.0,58.67,1338.0,22.8,37.1,9.0,100.0,264.0,7.62,6.025,8.679,0.962,2.698,2.206,3.515,0.349,2.158,1.765,2.812,0.279,15.031,11.279,19.402,3.034,24.1,14.968,44.911,8.974,239,,7,9,23.592,24.1,58.67,195
M0158,M036A,M036,M0158.jpg,2026-09-28T08:09:20.489035,code-main-2026-09-22,FOUND,PASS,,10411.18,25.5,5.24,11.6,55.72,1270.0,22.8,37.1,6.0,83.33,377.0,6.645,5.716,8.921,1.091,2.408,2.12,3.065,0.317,1.926,1.696,2.452,0.254,12.313,9.285,20.633,3.879,17.121,10.964,35.101,8.282,423,,6,6,13.525,17.121,55.72,200
M0159,M036B,M036,M0159.jpg,2026-09-28T08:09:33.230597,code-main-2026-09-22,FOUND,PASS,,10411.18,25.5,5.24,11.6,58.52,1334.0,22.8,37.1,8.0,87.5,318.0,7.27,6.045,8.906,0.946,2.551,2.256,3.082,0.29,2.041,1.805,2.466,0.232,13.844,9.99,19.629,2.844,20.326,13.269,35.447,6.665,296,,6,8,19.332,20.326,58.52,200
M0160,M037A,M037,M0160.jpg,2026-09-28T08:09:47.496133,code-main-2026-09-22,FOUND,PASS,,10696.97,26.2,5.4,10.9,58.26,1328.0,22.8,37.1,9.0,100.0,325.0,7.447,5.723,8.772,0.958,2.538,2.064,3.024,0.29,2.03,1.651,2.42,0.232,14.206,11.034,18.727,2.468,20.389,12.917,31.072,5.57,266,,7,9,22.096,20.389,58.26,205
M0161,M037B,M037,M0161.jpg,2026-09-28T08:10:00.635356,code-main-2026-09-22,FOUND,PASS,,10696.97,26.2,5.4,10.9,56.88,1297.0,22.8,37.1,7.0,71.43,267.0,7.484,5.532,9.008,1.144,2.781,2.428,3.187,0.234,2.225,1.943,2.55,0.187,15.678,9.927,21.785,3.555,24.827,13.664,38.325,7.113,242,,7,7,24.359,24.827,56.88,205
M0162,M037C,M037,M0162.jpg,2026-09-28T08:10:14.766747,code-main-2026-09-22,FOUND,PASS,,10696.97,26.2,5.4,10.9,58.03,1323.0,22.8,37.1,8.0,100.0,358.0,7.342,4.81,9.464,1.481,2.441,2.185,2.69,0.158,1.952,1.748,2.152,0.126,13.525,7.754,17.668,3.016,18.507,9.622,24.736,4.605,285,,6,8,20.634,18.507,58.03,205
M0163,M037D,M037,M0163.jpg,2026-09-28T08:10:27.245207,code-main-2026-09-22,FOUND,PASS,,10696.97,26.2,5.4,10.9,57.42,1309.0,22.8,37.1,5.0,80.0,303.0,7.841,6.119,9.493,1.105,2.483,2.099,3.423,0.48,1.987,1.68,2.739,0.384,14.89,9.654,24.91,5.29,21.913,13.57,46.6,12.502,374,,5,5,15.742,21.913,57.42,205
M0164,M037E,M037,M0164.jpg,2026-09-28T08:10:40.051077,code-main-2026-09-22,FOUND,PASS,,10696.97,26.2,5.4,10.9,57.1,1302.0,22.8,37.1,4.0,100.0,248.0,9.239,8.264,10.337,0.8,2.597,2.346,3.019,0.257,2.077,1.877,2.415,0.205,17.504,14.584,23.018,3.363,26.759,20.129,39.456,7.767,220,,4,4,26.759,26.759,57.1,205
M0165,M038A,M038,M0165.jpg,2026-09-28T08:10:52.039330,code-main-2026-09-22,FOUND,PASS,,10982.77,26.9,5.53,10.2,56.98,1299.0,22.8,37.1,6.0,100.0,353.0,7.182,5.188,7.921,0.966,2.498,1.979,3.021,0.334,1.998,1.583,2.417,0.267,13.442,9.774,16.468,2.753,19.268,11.212,28.538,6.203,314,,6,6,19.268,19.268,56.98,210
M0166,M038B,M038,M0166.jpg,2026-09-28T08:11:07.886448,code-main-2026-09-22,FOUND,PASS,,10982.77,26.9,5.53,10.2,58.67,1338.0,22.8,37.1,11.0,100.0,341.0,6.842,5.532,8.74,0.941,2.636,2.165,3.196,0.279,2.109,1.732,2.557,0.223,13.29,11.027,16.54,1.757,19.966,14.311,28.482,4.401,277,,8,11,21.768,19.966,58.67,210
M0167,M038C,M038,M0167.jpg,2026-09-28T08:11:19.668583,code-main-2026-09-22,FOUND,PASS,,10982.77,26.9,5.53,10.2,57.25,1305.0,22.8,37.1,7.0,85.71,185.0,7.978,5.152,9.709,1.454,2.95,1.875,5.669,1.162,2.36,1.5,4.535,0.93,17.024,6.941,31.512,7.029,36.736,7.589,130.686,39.027,287,,7,7,21.078,36.736,57.25,210
M0168,M038D,M038,M0168.jpg,2026-09-28T08:11:34.881320,code-main-2026-09-22,FOUND,PASS,,10982.77,26.9,5.53,10.2,59.24,1351.0,22.8,37.1,12.0,100.0,254.0,8.795,7.255,9.75,0.706,2.675,2.123,3.216,0.376,2.14,1.699,2.573,0.301,17.093,12.6,21.44,2.78,26.841,15.528,39.088,7.487,200,,9,12,30.158,26.841,59.24,210
M0169,M038E,M038,M0169.jpg,2026-09-28T08:11:47.246791,code-main-2026-09-22,FOUND,PASS,,10982.77,26.9,5.53,10.2,58.59,1336.0,22.8,37.1,5.0,100.0,287.0,7.95,6.329,8.553,0.822,2.645,2.216,3.147,0.325,2.116,1.773,2.518,0.26,15.955,12.353,20.078,2.879,23.721,17.189,34.402,6.785,255,,5,5,23.721,23.721,58.59,210
M0170,M039A,M039,M0170.jpg,2026-09-28T08:11:57.962805,code-main-2026-09-22,FOUND,PASS,,11227.74,27.5,5.69,9.6,58.38,1331.0,22.8,37.1,6.0,100.0,415.0,7.031,5.278,8.092,1.077,2.308,1.791,2.978,0.378,1.847,1.433,2.382,0.302,12.549,7.196,18.564,3.793,16.775,7.093,30.051,7.482,368,,6,6,16.775,16.775,58.38,215
M0171,M040A,M040,M0171.jpg,2026-09-28T08:12:11.694745,code-main-2026-09-22,FOUND,PASS,,11554.36,28.3,5.82,8.8,58.81,1341.0,22.8,37.1,7.0,100.0,370.0,7.299,5.72,9.197,1.102,2.502,2.256,2.733,0.173,2.002,1.805,2.186,0.139,13.774,11.639,18.295,2.44,19.36,14.455,28.678,4.691,328,,7,7,19.36,19.36,58.81,220
M0172,M040B,M040,M0172.jpg,2026-09-28T08:12:26.551976,code-main-2026-09-22,FOUND,PASS,,11554.36,28.3,5.82,8.8,59.44,1355.0,22.8,37.1,11.0,100.0,308.0,7.578,5.85,9.555,1.036,2.661,2.338,3.4,0.322,2.128,1.87,2.72,0.258,15.045,11.085,20.366,3.174,23.256,14.847,43.137,8.399,243,,8,11,26.17,23.256,59.44,220
M0173,M040C,M040,M0173.jpg,2026-09-28T08:12:39.514512,code-main-2026-09-22,FOUND,PASS,,11554.36,28.3,5.82,8.8,60.12,1371.0,22.8,37.1,8.0,100.0,328.0,7.204,5.139,9.126,1.344,2.64,2.095,3.17,0.368,2.112,1.676,2.536,0.295,14.425,8.937,20.703,3.83,21.826,10.618,35.879,8.334,254,,6,8,25.017,21.826,60.12,220
M0174,M040D,M040,M0174.jpg,2026-09-28T08:12:54.813822,code-main-2026-09-22,FOUND,PASS,,11554.36,28.3,5.82,8.8,59.23,1351.0,22.8,37.1,8.0,100.0,284.0,8.364,5.489,11.044,1.701,2.635,2.134,3.043,0.314,2.108,1.707,2.434,0.251,16.353,9.672,23.47,4.349,25.221,12.387,41.34,9.254,239,,6,8,26.593,25.221,59.23,220
M0175,M040E,M040,M0175.jpg,2026-09-28T08:13:08.518581,code-main-2026-09-22,FOUND,PASS,,11554.36,28.3,5.82,8.8,58.21,1327.0,22.8,37.1,7.0,85.71,262.0,8.209,7.285,9.776,0.825,2.806,2.328,3.199,0.27,2.244,1.862,2.559,0.216,17.345,13.119,18.985,2.017,27.318,16.538,35.25,5.517,218,,7,7,29.115,27.318,58.21,220
M0176,M041A,M041,M0176.jpg,2026-09-28T08:13:21.715918,code-main-2026-09-22,FOUND,PASS,,11676.85,28.6,5.96,8.5,58.82,1341.0,22.8,37.1,7.0,100.0,288.0,7.528,5.94,9.042,1.146,2.792,2.347,3.221,0.293,2.233,1.877,2.577,0.235,15.651,9.834,20.528,3.585,25.161,13.702,35.847,7.362,255,,7,7,25.161,25.161,58.82,225
M0177,M041B,M041,M0177.jpg,2026-09-28T08:13:35.317672,code-main-2026-09-22,FOUND,PASS,,11676.85,28.6,5.96,8.5,58.72,1339.0,22.8,37.1,8.0,100.0,278.0,8.089,6.148,9.491,0.994,2.719,1.975,3.237,0.403,2.175,1.58,2.59,0.322,16.494,8.937,20.227,3.513,26.079,10.045,37.768,8.571,212,,6,8,30.333,26.079,58.72,225
M0178,M041C,M041,M0178.jpg,2026-09-28T08:13:50.030495,code-main-2026-09-22,FOUND,PASS,,11676.85,28.6,5.96,8.5,59.92,1366.0,22.8,37.1,7.0,85.71,257.0,8.817,6.604,10.247,1.208,2.743,2.453,3.212,0.246,2.194,1.962,2.569,0.197,18.37,14.144,24.683,3.388,28.142,21.423,43.513,7.374,251,,7,7,25.58,28.142,59.92,225
M0179,M041D,M041,M0179.jpg,2026-09-28T08:14:07.109448,code-main-2026-09-22,FOUND,PASS,,11676.85,28.6,5.96,8.5,61.65,1406.0,22.8,37.1,9.0,100.0,455.0,7.297,5.398,9.197,1.142,2.262,1.899,2.749,0.264,1.81,1.519,2.199,0.211,12.328,8.372,15.796,2.32,15.906,8.784,21.658,4.377,362,,7,9,17.756,15.906,61.65,225
M0180,M041E,M041,M0180.jpg,2026-09-28T08:14:20.457896,code-main-2026-09-22,FOUND,PASS,,11676.85,28.6,5.96,8.5,60.16,1372.0,22.8,37.1,7.0,85.71,311.0,7.679,5.191,9.696,1.386,2.649,2.311,3.203,0.263,2.12,1.849,2.563,0.21,15.192,10.612,23.555,3.965,23.254,14.869,41.682,8.45,318,,7,7,20.183,23.254,60.16,225
M0181,M042A,M042,M0181.jpg,2026-09-28T08:14:34.515382,code-main-2026-09-22,FOUND,PASS,,11840.16,29.0,6.08,8.1,60.31,1375.0,22.8,37.1,5.0,100.0,531.0,6.123,4.456,8.102,1.17,2.251,1.777,2.709,0.345,1.801,1.422,2.167,0.276,10.5,7.295,16.15,3.302,13.834,7.751,24.9,6.536,471,,5,5,13.834,13.834,60.31,230
M0182,M042B,M042,M0182.jpg,2026-09-28T08:14:50.528148,code-main-2026-09-22,FOUND,PASS,,11840.16,29.0,6.08,8.1,60.23,1373.0,22.8,37.1,9.0,88.89,322.0,7.75,5.378,9.129,1.205,2.561,2.038,3.669,0.452,2.049,1.631,2.936,0.362,14.965,9.007,25.566,4.797,22.782,10.95,51.487,11.685,300,,7,9,21.726,22.782,60.23,230
M0183,M042C,M042,M0183.jpg,2026-09-28T08:15:07.497683,code-main-2026-09-22,FOUND,PASS,,11840.16,29.0,6.08,8.1,59.4,1354.0,22.8,37.1,7.0,85.71,339.0,7.682,5.279,8.883,1.302,2.474,1.847,3.69,0.557,1.979,1.478,2.952,0.446,14.545,7.788,25.001,5.215,21.633,8.95,50.658,13.132,388,,7,7,16.796,21.633,59.4,230
M0184,M042D,M042,M0184.jpg,2026-09-28T08:15:23.859601,code-main-2026-09-22,FOUND,PASS,,11840.16,29.0,6.08,8.1,60.54,1380.0,22.8,37.1,10.0,80.0,304.0,8.107,6.947,10.174,0.847,2.667,2.249,2.957,0.212,2.134,1.8,2.365,0.169,16.065,13.315,18.792,1.742,24.17,16.791,30.079,3.619,251,,7,10,25.995,24.17,60.54,230
M0185,M043A,M043,M0185.jpg,2026-09-28T08:15:41.289172,code-main-2026-09-22,FOUND,PASS,,12125.96,29.7,6.2,7.4,61.08,1393.0,22.8,37.1,7.0,100.0,398.0,7.07,5.359,9.183,1.46,2.485,2.072,2.95,0.357,1.988,1.658,2.36,0.286,12.85,8.782,19.057,3.387,18.88,10.117,32.073,7.407,353,,7,7,18.88,18.88,61.08,235
M0186,M043B,M043,M0186.jpg,2026-09-28T08:15:55.463266,code-main-2026-09-22,FOUND,PASS,,12125.96,29.7,6.2,7.4,59.96,1367.0,22.8,37.1,6.0,83.33,299.0,8.549,6.46,9.552,1.063,2.616,2.083,3.26,0.375,2.093,1.667,2.608,0.3,16.476,12.213,23.671,3.848,25.174,15.725,42.518,8.828,307,,6,6,21.705,25.174,59.96,235
M0187,M043C,M043,M0187.jpg,2026-09-28T08:16:12.919930,code-main-2026-09-22,FOUND,PASS,,12125.96,29.7,6.2,7.4,60.01,1368.0,22.8,37.1,5.0,100.0,282.0,8.606,7.702,9.559,0.662,2.697,2.36,3.057,0.269,2.157,1.888,2.445,0.215,17.114,14.721,21.964,2.646,26.647,19.893,37.409,6.549,250,,5,5,26.647,26.647,60.01,235
M0188,M043D,M043,M0188.jpg,2026-09-28T08:16:28.181330,code-main-2026-09-22,FOUND,PASS,,12125.96,29.7,6.2,7.4,60.61,1382.0,22.8,37.1,8.0,100.0,261.0,8.026,5.954,9.549,1.13,2.906,1.96,3.513,0.48,2.325,1.568,2.81,0.384,17.142,12.663,22.356,3.177,28.758,15.215,44.726,9.258,207,,6,8,32.176,28.758,60.61,235
M0189,M043E,M043,M0189.jpg,2026-09-28T08:16:44.687325,code-main-2026-09-22,FOUND,PASS,,12125.96,29.7,6.2,7.4,60.96,1390.0,22.8,37.1,7.0,100.0,260.0,8.311,6.725,9.427,0.871,2.845,2.211,3.164,0.341,2.276,1.769,2.531,0.273,17.546,10.05,20.482,3.57,28.918,13.773,35.773,7.856,231,,7,7,28.918,28.918,60.96,235
M0190,M044A,M044,M0190.jpg,2026-09-28T08:16:59.552221,code-main-2026-09-22,FOUND,PASS,,12370.93,30.3,6.34,6.8,62.65,1428.0,22.8,37.1,11.0,100.0,359.0,7.73,4.424,8.941,1.286,2.536,2.159,2.923,0.282,2.029,1.727,2.338,0.226,14.833,7.841,19.389,3.428,21.391,10.133,31.294,6.789,287,,9,11,23.674,21.391,62.65,240
M0191,M044B,M044,M0191.jpg,2026-09-28T08:17:15.214409,code-main-2026-09-22,FOUND,PASS,,12370.93,30.3,6.34,6.8,60.78,1386.0,22.8,37.1,8.0,100.0,377.0,8.217,6.711,9.454,0.81,2.423,1.969,2.894,0.284,1.938,1.575,2.316,0.227,14.894,12.157,18.848,1.905,20.349,15.35,29.728,4.758,298,,5,8,22.842,20.349,60.78,240
M0192,M044C,M044,M0192.jpg,2026-09-28T08:17:29.723170,code-main-2026-09-22,FOUND,PASS,,12370.93,30.3,6.34,6.8,59.9,1366.0,22.8,37.1,8.0,100.0,261.0,8.409,7.132,9.328,0.647,2.857,2.36,3.423,0.393,2.286,1.888,2.739,0.315,17.802,12.334,22.758,2.945,29.375,16.643,42.788,8.456,210,,6,8,32.396,29.375,59.9,240
M0193,M044D,M044,M0193.jpg,2026-09-28T08:17:44.641268,code-main-2026-09-22,FOUND,PASS,,12370.93,30.3,6.34,6.8,59.78,1363.0,22.8,37.1,10.0,90.0,289.0,6.961,5.326,8.501,1.172,2.857,2.264,5.17,0.802,2.286,1.811,4.136,0.641,14.833,9.505,27.437,4.849,26.577,12.076,90.342,21.704,308,,7,10,22.111,26.577,59.78,240
M0194,M044E,M044,M0194.jpg,2026-09-28T08:17:57.275012,code-main-2026-09-22,FOUND,PASS,,12370.93,30.3,6.34,6.8,60.53,1380.0,22.8,37.1,4.0,100.0,446.0,7.569,6.518,8.831,0.831,2.332,2.145,2.511,0.136,1.866,1.716,2.009,0.109,13.095,11.135,15.383,1.56,17.199,14.099,19.162,1.917,396,,4,4,17.199,17.199,60.53,240
M0195,M045A,M045,M0195.jpg,2026-09-28T08:18:10.064572,code-main-2026-09-22,FOUND,PASS,,12534.24,30.7,6.46,6.4,60.36,1376.0,22.8,37.1,9.0,100.0,390.0,7.526,6.309,9.57,0.926,2.496,2.185,2.938,0.243,1.997,1.748,2.351,0.195,14.158,10.997,17.415,2.487,19.929,13.792,27.153,4.921,320,,7,9,21.536,19.929,60.36,245
M0196,M045B,M045,M0196.jpg,2026-09-28T08:18:25.499049,code-main-2026-09-22,FOUND,PASS,,12534.24,30.7,6.46,6.4,60.22,1373.0,22.8,37.1,12.0,100.0,333.0,7.58,6.324,8.852,0.787,2.685,2.133,3.309,0.397,2.148,1.706,2.647,0.318,15.138,10.591,19.271,2.438,23.315,12.218,35.642,6.892,274,,10,12,25.156,23.315,60.22,245
M0197,M045C,M045,M0197.jpg,2026-09-28T08:18:39.626426,code-main-2026-09-22,FOUND,PASS,,12534.24,30.7,6.46,6.4,60.98,1390.0,22.8,37.1,9.0,100.0,353.0,7.759,5.622,8.991,1.031,2.592,2.15,2.906,0.244,2.073,1.72,2.325,0.195,15.139,10.789,18.274,2.569,22.02,15.11,29.419,5.081,288,,7,9,23.928,22.02,60.98,245
M0198,M045D,M045,M0198.jpg,2026-09-28T08:18:54.447609,code-main-2026-09-22,FOUND,PASS,,12534.24,30.7,6.46,6.4,61.76,1408.0,22.8,37.1,10.0,100.0,436.0,6.963,5.575,8.575,0.81,2.459,2.082,2.921,0.267,1.967,1.665,2.337,0.214,12.463,9.836,16.099,2.059,17.805,12.207,24.405,4.161,360,,8,10,19.141,17.805,61.76,245
M0199,M045E,M045,M0199.jpg,2026-09-28T08:19:06.926526,code-main-2026-09-22,FOUND,PASS,,12534.24,30.7,6.46,6.4,60.97,1390.0,22.8,37.1,9.0,55.56,358.0,7.738,4.912,9.583,1.39,2.565,2.185,2.947,0.256,2.052,1.748,2.358,0.205,15.065,8.065,19.375,3.225,21.691,9.825,31.403,6.081,288,,7,9,23.949,21.691,60.97,245
M0200,M046A,M046,M0200.jpg,2026-09-28T08:19:20.644457,code-main-2026-09-22,FOUND,PASS,,12615.89,30.9,6.61,6.2,60.89,1388.0,22.8,37.1,7.0,100.0,375.0,7.717,5.037,9.463,1.38,2.53,2.215,2.847,0.19,2.024,1.772,2.277,0.152,14.857,9.991,18.8,2.941,20.832,14.299,28.115,5.137,333,,7,7,20.832,20.832,60.89,250
M0201,M046B,M046,M0201.jpg,2026-09-28T08:19:35.343087,code-main-2026-09-22,FOUND,PASS,,12615.89,30.9,6.61,6.2,60.54,1380.0,22.8,37.1,10.0,90.0,247.0,7.69,6.104,9.179,1.023,2.975,2.143,5.793,0.981,2.38,1.715,4.635,0.785,16.748,9.684,28.879,4.949,31.645,11.743,107.001,25.775,255,,7,10,27.242,31.645,60.54,250
M0202,M046C,M046,M0202.jpg,2026-09-28T08:19:51.030955,code-main-2026-09-22,FOUND,PASS,,12615.89,30.9,6.61,6.2,60.59,1381.0,22.8,37.1,5.0,100.0,360.0,8.253,7.526,9.569,0.702,2.49,2.064,2.851,0.311,1.992,1.651,2.281,0.249,15.321,11.553,17.319,2.114,21.715,13.431,27.429,5.191,320,,5,5,21.715,21.715,60.59,250
M0203,M046D,M046,M0203.jpg,2026-09-28T08:20:03.806207,code-main-2026-09-22,FOUND,PASS,,12615.89,30.9,6.61,6.2,61.69,1406.0,22.8,37.1,10.0,100.0,340.0,7.673,5.751,9.469,1.201,2.649,2.427,3.077,0.216,2.119,1.941,2.462,0.173,15.354,10.39,21.135,3.22,22.986,14.364,35.464,6.394,266,,7,10,26.093,22.986,61.69,250
M0204,M046E,M046,M0204.jpg,2026-09-28T08:20:19.123547,code-main-2026-09-22,FOUND,PASS,,12615.89,30.9,6.61,6.2,62.82,1432.0,22.8,37.1,10.0,100.0,375.0,7.728,5.404,9.445,1.276,2.536,2.163,2.891,0.207,2.029,1.73,2.313,0.166,14.527,10.104,18.055,2.439,20.854,13.176,28.982,4.376,311,,7,10,22.317,20.854,62.82,250
M0205,M047A,M047,M0205.jpg,2026-09-28T08:20:37.817177,code-main-2026-09-22,FOUND,PASS,,12942.52,31.7,6.75,5.4,62.4,1423.0,22.8,37.1,8.0,100.0,341.0,8.107,7.19,9.908,0.843,2.61,2.218,2.903,0.248,2.088,1.774,2.322,0.199,15.739,12.126,18.768,2.346,23.499,14.814,29.247,5.48,273,,6,8,26.084,23.499,62.4,255
M0206,M047B,M047,M0206.jpg,2026-09-28T08:20:58.614007,code-main-2026-09-22,FOUND,PASS,,12942.52,31.7,6.75,5.4,61.32,1398.0,22.8,37.1,8.0,100.0,395.0,7.475,6.241,9.351,0.84,2.541,2.178,3.003,0.271,2.033,1.742,2.403,0.217,13.873,11.075,16.536,1.647,20.297,14.408,27.935,4.294,315,,5,8,22.608,20.297,61.32,255
M0207,M047C,M047,M0207.jpg,2026-09-28T08:21:13.981656,code-main-2026-09-22,FOUND,PASS,,12942.52,31.7,6.75,5.4,60.99,1391.0,22.8,37.1,5.0,100.0,369.0,8.32,6.863,10.194,1.239,2.413,1.87,3.201,0.499,1.93,1.496,2.561,0.4,14.854,9.888,19.704,4.281,21.751,10.481,34.618,10.006,327,,5,5,21.751,21.751,60.99,255
M0208,M047D,M047,M0208.jpg,2026-09-28T08:21:33.237621,code-main-2026-09-22,FOUND,PASS,,12942.52,31.7,6.75,5.4,61.11,1393.0,22.8,37.1,10.0,100.0,352.0,7.663,6.437,8.8,0.847,2.659,2.351,3.179,0.275,2.127,1.881,2.543,0.22,15.276,12.394,19.177,2.101,22.788,17.139,33.529,4.869,291,,7,10,24.444,22.788,61.11,255
M0209,M047E,M047,M0209.jpg,2026-09-28T08:21:50.162605,code-main-2026-09-22,FOUND,PASS,,12942.52,31.7,6.75,5.4,62.19,1418.0,22.8,37.1,10.0,90.0,420.0,7.129,5.446,9.277,1.224,2.465,2.05,3.36,0.373,1.972,1.64,2.688,0.299,13.228,8.377,19.519,3.317,19.091,9.654,40.647,8.581,362,,7,10,19.647,19.091,62.19,255
M0210,M048A,M048,M0210.jpg,2026-09-28T08:22:08.933504,code-main-2026-09-22,FOUND,PASS,,13146.66,32.2,6.84,4.9,62.29,1420.0,22.8,37.1,6.0,83.33,240.0,7.628,5.935,8.844,0.996,3.069,2.14,5.5,1.143,2.455,1.712,4.4,0.914,17.303,9.656,28.802,5.921,34.024,11.513,93.68,27.484,327,,6,6,22.093,34.024,62.29,260
M0211,M048B,M048,M0211.jpg,2026-09-28T08:22:24.925337,code-main-2026-09-22,FOUND,PASS,,13146.66,32.2,6.84,4.9,60.29,1375.0,22.8,37.1,5.0,100.0,411.0,6.721,4.814,9.368,1.77,2.657,2.542,2.846,0.106,2.125,2.033,2.277,0.084,13.461,10.581,18.985,3.435,19.81,15.247,28.323,5.203,365,,5,5,19.81,19.81,60.29,260
M0212,M048C,M048,M0212.jpg,2026-09-28T08:22:40.958246,code-main-2026-09-22,FOUND,PASS,,13146.66,32.2,6.84,4.9,61.12,1394.0,22.8,37.1,4.0,100.0,414.0,7.544,5.795,9.656,1.419,2.449,2.076,2.711,0.251,1.959,1.661,2.168,0.201,14.088,10.255,19.845,4.015,19.671,12.416,29.716,7.093,368,,4,4,19.671,19.671,61.12,260
M0213,M048D,M048,M0213.jpg,2026-09-28T08:22:58.956499,code-main-2026-09-22,FOUND,PASS,,13146.66,32.2,6.84,4.9,60.4,1377.0,22.8,37.1,10.0,90.0,467.0,7.323,6.67,8.288,0.49,2.379,2.173,2.705,0.152,1.903,1.738,2.164,0.121,12.956,10.94,15.537,1.444,17.44,14.603,22.784,2.624,393,,7,10,18.398,17.44,60.4,260
M0214,M048E,M048,M0214.jpg,2026-09-28T08:23:14.855489,code-main-2026-09-22,FOUND,PASS,,13146.66,32.2,6.84,4.9,62.73,1430.0,22.8,37.1,7.0,100.0,393.0,7.956,5.806,9.438,1.112,2.484,2.129,2.771,0.22,1.987,1.703,2.217,0.176,14.265,10.76,16.314,2.14,20.723,13.486,26.115,4.564,349,,7,7,20.723,20.723,62.73,260
M0215,M049A,M049,M0215.jpg,2026-09-28T08:23:30.274546,code-main-2026-09-22,FOUND,PASS,,13514.11,33.1,6.98,4.0,62.38,1422.0,22.8,37.1,9.0,100.0,366.0,8.021,7.039,10.328,0.891,2.567,2.117,3.251,0.379,2.053,1.693,2.6,0.303,15.431,12.107,22.074,3.188,22.867,14.393,36.029,7.986,311,,8,9,23.926,22.867,62.38,265
M0216,M049B,M049,M0216.jpg,2026-09-28T08:23:49.542535,code-main-2026-09-22,FOUND,PASS,,13514.11,33.1,6.98,4.0,63.72,1453.0,22.8,37.1,6.0,100.0,292.0,8.638,8.096,9.185,0.345,2.789,2.114,3.287,0.368,2.231,1.691,2.63,0.295,18.243,13.032,21.517,2.849,28.697,15.834,38.913,7.467,259,,6,6,28.697,28.697,63.72,265
M0217,M049C,M049,M0217.jpg,2026-09-28T08:24:05.751350,code-main-2026-09-22,FOUND,PASS,,13514.11,33.1,6.98,4.0,64.28,1466.0,22.8,37.1,5.0,100.0,557.0,7.555,5.964,8.453,0.973,2.162,1.955,2.432,0.176,1.73,1.564,1.945,0.141,12.223,9.71,14.663,2.049,15.048,11.01,20.938,3.862,494,,5,5,15.048,15.048,64.28,265
M0218,M049D,M049,M0218.jpg,2026-09-28T08:24:19.103599,code-main-2026-09-22,FOUND,PASS,,13514.11,33.1,6.98,4.0,63.92,1457.0,22.8,37.1,13.0,100.0,550.0,6.715,5.103,9.091,1.446,2.276,1.793,3.01,0.343,1.821,1.434,2.408,0.274,11.515,7.108,15.915,3.317,15.242,6.957,24.082,6.048,422,,10,13,17.628,15.242,63.92,265
M0219,M049E,M049,M0219.jpg,2026-09-28T08:24:36.035095,code-main-2026-09-22,FOUND,PASS,,13514.11,33.1,6.98,4.0,64.54,1472.0,22.8,37.1,6.0,100.0,535.0,6.551,4.58,9.309,1.5,2.395,2.216,2.662,0.139,1.916,1.773,2.13,0.111,11.852,8.243,16.452,2.657,15.672,10.91,20.745,3.375,474,,6,6,15.672,15.672,64.54,265
M0220,M050A,M050,M0220.jpg,2026-09-28T08:24:52.865613,code-main-2026-09-22,FOUND,PASS,,13595.77,33.3,7.08,3.8,64.06,1461.0,22.8,37.1,7.0,71.43,344.0,8.208,5.732,10.266,1.384,2.589,2.049,3.39,0.4,2.071,1.639,2.712,0.32,16.349,8.934,26.418,4.903,24.469,10.08,49.434,11.4,335,,7,7,22.354,24.469,64.06,270
M0221,M050B,M050,M0221.jpg,2026-09-28T08:25:09.626293,code-main-2026-09-22,FOUND,PASS,,13595.77,33.3,7.08,3.8,63.49,1448.0,22.8,37.1,8.0,75.0,410.0,7.928,5.8,8.967,1.005,2.436,1.872,3.179,0.391,1.949,1.498,2.543,0.312,14.598,8.348,21.502,3.479,20.555,8.515,37.061,7.905,356,,6,8,20.99,20.555,63.49,270
M0222,M050C,M050,M0222.jpg,2026-09-28T08:25:27.201913,code-main-2026-09-22,FOUND,PASS,,13595.77,33.3,7.08,3.8,66.9,1525.0,22.8,37.1,8.0,87.5,537.0,6.534,4.514,8.007,1.17,2.362,1.81,2.822,0.309,1.889,1.448,2.258,0.247,11.66,6.285,14.193,2.664,15.689,6.192,20.389,4.633,411,,6,8,18.202,15.689,66.9,270
M0223,M050D,M050,M0223.jpg,2026-09-28T08:25:42.917914,code-main-2026-09-22,FOUND,PASS,,13595.77,33.3,7.08,3.8,63.03,1437.0,22.8,37.1,8.0,100.0,370.0,8.073,6.428,10.089,1.131,2.576,1.929,2.808,0.263,2.06,1.543,2.247,0.211,15.574,11.299,20.728,3.1,22.811,12.325,31.067,5.933,293,,6,8,25.54,22.811,63.03,270
M0224,M050E,M050,M0224.jpg,2026-09-28T08:25:59.915778,code-main-2026-09-22,FOUND,PASS,,13595.77,33.3,7.08,3.8,64.15,1463.0,22.8,37.1,3.0,100.0,391.0,8.382,7.845,8.963,0.458,2.427,2.101,2.971,0.387,1.942,1.681,2.377,0.31,15.039,12.369,19.518,3.187,21.568,14.504,33.147,8.253,347,,3,3,21.568,21.568,64.15,270
M0225,M051A,M051,M0225.jpg,2026-09-28T08:26:15.700664,code-main-2026-09-22,FOUND,PASS,,13636.6,33.4,7.21,3.7,66.3,1512.0,22.8,37.1,7.0,100.0,503.0,7.538,5.419,9.666,1.426,2.255,1.885,2.857,0.332,1.804,1.508,2.286,0.266,12.814,7.536,18.871,3.709,16.815,8.067,27.957,7.105,446,,7,7,16.815,16.815,66.3,275
M0226,M051B,M051,M0226.jpg,2026-09-28T08:26:32.122571,code-main-2026-09-22,FOUND,PASS,,13636.6,33.4,7.21,3.7,62.98,1436.0,22.8,37.1,8.0,87.5,413.0,7.345,5.494,9.98,1.359,2.558,2.087,3.196,0.336,2.047,1.67,2.557,0.269,13.639,10.49,18.19,2.645,20.483,13.245,36.365,6.998,379,,6,8,19.806,20.483,62.98,275
M0227,M051C,M051,M0227.jpg,2026-09-28T08:26:46.186024,code-main-2026-09-22,FOUND,PASS,,13636.6,33.4,7.21,3.7,63.53,1448.0,22.8,37.1,11.0,90.91,539.0,6.537,4.583,8.665,1.425,2.378,2.079,2.691,0.212,1.903,1.663,2.153,0.17,11.587,7.484,16.639,2.885,15.679,8.945,24.574,4.752,424,,8,11,17.684,15.679,63.53,275
M0228,M051D,M051,M0228.jpg,2026-09-28T08:27:01.934307,code-main-2026-09-22,FOUND,PASS,,13636.6,33.4,7.21,3.7,64.01,1459.0,22.8,37.1,8.0,100.0,664.0,6.618,5.104,8.249,1.268,2.101,1.543,2.647,0.302,1.681,1.234,2.117,0.242,10.413,6.716,16.415,3.211,12.732,6.293,23.572,5.189,583,,6,8,12.863,12.732,64.01,275
M0229,M051E,M051,M0229.jpg,2026-09-28T08:27:17.145343,code-main-2026-09-22,FOUND,PASS,,13636.6,33.4,7.21,3.7,64.19,1463.0,22.8,37.1,9.0,77.78,309.0,7.762,5.668,9.72,1.386,2.824,2.213,4.413,0.62,2.259,1.77,3.53,0.496,16.402,9.786,23.821,4.652,27.403,11.901,58.806,13.871,279,,7,9,26.909,27.403,64.19,275
M0230,M052A,M052,M0230.jpg,2026-09-28T08:27:33.003052,code-main-2026-09-22,FOUND,PASS,,14208.19,34.8,7.41,2.3,65.11,1485.0,22.8,37.1,7.0,100.0,482.0,7.686,6.041,9.226,1.029,2.356,2.024,2.667,0.236,1.885,1.619,2.134,0.189,13.372,9.552,16.296,2.731,18.259,11.479,24.93,4.992,428,,7,7,18.259,18.259,65.11,280
M0231,M052B,M052,M0231.jpg,2026-09-28T08:27:49.179790,code-main-2026-09-22,FOUND,PASS,,14208.19,34.8,7.41,2.3,69.11,1576.0,22.8,37.1,5.0,100.0,590.0,6.937,6.302,7.791,0.544,2.21,1.61,2.697,0.391,1.768,1.288,2.157,0.313,11.821,7.562,15.578,2.964,14.923,6.839,21.631,5.789,524,,5,5,14.923,14.923,69.11,280
M0232,M052C,M052,M0232.jpg,2026-09-28T08:28:04.273742,code-main-2026-09-22,FOUND,PASS,,14208.19,34.8,7.41,2.3,65.99,1505.0,22.8,37.1,12.0,83.33,437.0,7.748,6.052,9.5,0.993,2.492,2.182,2.946,0.26,1.993,1.746,2.357,0.208,14.583,10.466,17.314,1.868,20.179,12.44,28.477,4.051,357,,8,12,21.919,20.179,65.99,280
M0233,M052D,M052,M0233.jpg,2026-09-28T08:28:19.401830,code-main-2026-09-22,FOUND,PASS,,14208.19,34.8,7.41,2.3,66.34,1512.0,22.8,37.1,9.0,77.78,345.0,8.025,6.81,9.485,0.837,2.667,2.017,4.595,0.72,2.133,1.614,3.676,0.576,16.126,11.04,29.095,4.781,25.559,12.648,72.861,16.943,374,,7,9,20.909,25.559,66.34,280
M0234,M052E,M052,M0234.jpg,2026-09-28T08:28:36.890629,code-main-2026-09-22,FOUND,PASS,,14208.19,34.8,7.41,2.3,66.48,1516.0,22.8,37.1,7.0,100.0,542.0,6.825,5.952,8.629,0.836,2.378,2.199,2.729,0.171,1.902,1.759,2.183,0.137,12.1,9.938,16.008,1.755,16.261,12.059,21.946,3.163,481,,7,7,16.261,16.261,66.48,280
M0235,M053A,M053,M0235.jpg,2026-09-28T08:28:54.394280,code-main-2026-09-22,FOUND,PASS,,14249.02,34.9,7.57,2.2,66.65,1520.0,22.8,37.1,9.0,100.0,371.0,7.846,5.78,9.08,1.028,2.658,2.199,3.023,0.267,2.127,1.759,2.418,0.213,15.668,11.031,20.136,3.448,23.788,14.241,34.009,6.771,314,,8,9,24.982,23.788,66.65,285
M0236,M053B,M053,M0236.jpg,2026-09-28T08:29:09.097557,code-main-2026-09-22,FOUND,PASS,,14249.02,34.9,7.57,2.2,65.73,1499.0,22.8,37.1,8.0,100.0,540.0,7.229,5.362,8.549,1.074,2.314,2.085,2.554,0.137,1.851,1.668,2.043,0.11,12.52,8.528,14.98,2.068,16.373,9.766,20.871,3.461,436,,6,8,17.979,16.373,65.73,285
M0237,M053C,M053,M0237.jpg,2026-09-28T08:29:25.458723,code-main-2026-09-22,FOUND,PASS,,14249.02,34.9,7.57,2.2,67.86,1547.0,22.8,37.1,10.0,80.0,454.0,7.703,5.644,8.809,0.959,2.45,2.184,2.883,0.194,1.96,1.747,2.306,0.155,14.278,10.567,18.074,2.207,19.479,14.36,27.373,4.089,381,,8,10,20.579,19.479,67.86,285
M0238,M053D,M053,M0238.jpg,2026-09-28T08:29:41.630486,code-main-2026-09-22,FOUND,PASS,,14249.02,34.9,7.57,2.2,65.21,1487.0,22.8,37.1,9.0,100.0,383.0,7.792,5.543,9.251,1.113,2.623,2.158,3.02,0.321,2.098,1.727,2.416,0.257,15.283,9.136,20.886,3.38,23.092,10.817,34.108,7.182,305,,7,9,25.675,23.092,65.21,285
M0239,M053E,M053,M0239.jpg,2026-09-28T08:29:57.363592,code-main-2026-09-22,FOUND,PASS,,14249.02,34.9,7.57,2.2,67.08,1529.0,22.8,37.1,9.0,100.0,412.0,7.469,5.687,9.056,1.12,2.55,1.997,3.322,0.384,2.04,1.598,2.658,0.307,14.443,8.096,20.368,3.991,21.441,9.503,35.211,8.637,342,,8,9,22.933,21.441,67.08,285
M0240,M054A,M054,M0240.jpg,2026-09-28T08:30:13.564150,code-main-2026-09-22,FOUND,PASS,,14371.5,35.2,7.71,1.9,65.59,1496.0,22.8,37.1,5.0,100.0,418.0,7.278,6.724,8.052,0.572,2.626,2.252,3.009,0.322,2.101,1.801,2.407,0.257,14.281,11.846,18.274,2.163,21.334,15.169,29.932,5.513,371,,5,5,21.334,21.334,65.59,290
M0241,M054B,M054,M0241.jpg,2026-09-28T08:30:29.645369,code-main-2026-09-22,FOUND,PASS,,14371.5,35.2,7.71,1.9,66.08,1507.0,22.8,37.1,8.0,100.0,510.0,7.193,4.629,9.799,1.485,2.392,1.986,2.937,0.271,1.913,1.589,2.35,0.217,12.732,8.034,16.831,2.777,17.484,9.007,26.882,5.334,401,,6,8,19.709,17.484,66.08,290
M0243,M054D,M054,M0243.jpg,2026-09-28T08:30:49.472014,code-main-2026-09-22,FOUND,PASS,,14371.5,35.2,7.71,1.9,68.61,1564.0,22.8,37.1,5.0,100.0,471.0,7.021,5.588,8.144,1.105,2.509,2.283,2.845,0.199,2.007,1.826,2.276,0.159,13.521,9.686,17.434,3.016,18.932,12.195,26.709,5.354,418,,5,5,18.932,18.932,68.61,290
M0244,M054E,M054,M0244.jpg,2026-09-28T08:31:06.903488,code-main-2026-09-22,FOUND,PASS,,14371.5,35.2,7.71,1.9,67.55,1540.0,22.8,37.1,7.0,100.0,537.0,7.471,5.005,8.838,1.34,2.279,2.041,2.586,0.157,1.823,1.633,2.069,0.126,12.892,7.75,16.048,2.752,16.6,8.735,23.841,4.6,476,,7,7,16.6,16.6,67.55,290
M0245,M055A,M055,M0245.jpg,2026-09-28T08:31:23.380972,code-main-2026-09-22,FOUND,PASS,,14493.99,35.5,7.82,1.6,68.43,1560.0,22.8,37.1,8.0,87.5,494.0,7.347,6.38,8.29,0.578,2.406,1.929,2.897,0.257,1.925,1.543,2.318,0.206,13.166,9.363,17.723,2.499,18.184,10.687,27.998,4.828,429,,6,8,18.573,18.184,68.43,295
M0246,M055B,M055,M0246.jpg,2026-09-28T08:31:42.908844,code-main-2026-09-22,FOUND,PASS,,14493.99,35.5,7.82,1.6,67.96,1549.0,22.8,37.1,9.0,100.0,481.0,6.889,5.239,8.721,1.266,2.523,1.929,3.577,0.436,2.019,1.543,2.861,0.349,12.63,8.922,15.828,2.548,18.677,9.749,31.717,6.439,414,,7,9,19.233,18.677,67.96,295
M0247,M055C,M055,M0247.jpg,2026-09-28T08:32:01.621993,code-main-2026-09-22,FOUND,PASS,,14493.99,35.5,7.82,1.6,65.97,1504.0,22.8,37.1,7.0,100.0,408.0,7.537,5.434,8.919,1.226,2.572,2.109,3.068,0.368,2.057,1.687,2.454,0.294,14.756,9.143,18.763,3.996,22.048,11.456,33.568,8.674,362,,7,7,22.048,22.048,65.97,295
M0248,M055D,M055,M0248.jpg,2026-09-28T08:32:18.382945,code-main-2026-09-22,FOUND,PASS,,14493.99,35.5,7.82,1.6,66.5,1516.0,22.8,37.1,8.0,100.0,502.0,7.51,6.161,8.399,0.727,2.367,2.041,2.751,0.221,1.893,1.633,2.2,0.177,13.417,10.669,16.59,2.239,17.904,12.286,24.812,4.386,407,,6,8,19.571,17.904,66.5,295
M0249,M055E,M055,M0249.jpg,2026-09-28T08:32:39.271967,code-main-2026-09-22,FOUND,PASS,,14493.99,35.5,7.82,1.6,72.21,1646.0,22.8,37.1,7.0,71.43,640.0,6.718,4.884,7.536,0.868,2.247,1.915,2.677,0.228,1.798,1.532,2.141,0.182,11.322,9.573,12.297,1.031,14.033,10.515,15.814,1.542,554,,7,7,14.38,14.033,72.21,295
M0250,M055F,M055,M0250.jpg,2026-09-28T08:32:53.713556,code-main-2026-09-22,FOUND,PASS,,14493.99,35.5,7.82,1.6,68.86,1570.0,22.8,37.1,7.0,100.0,480.0,7.145,4.667,8.785,1.212,2.454,2.063,3.028,0.286,1.963,1.651,2.422,0.229,13.276,7.994,19.065,3.329,18.727,9.854,31.379,6.868,426,,7,7,18.727,18.727,68.86,295
M0251,M056A,M056,M0251.jpg,2026-09-28T08:33:12.283955,code-main-2026-09-22,FOUND,PASS,,14820.61,36.3,7.96,0.8,69.52,1585.0,22.8,37.1,8.0,100.0,565.0,7.269,4.302,8.454,1.247,2.25,1.702,2.701,0.32,1.8,1.361,2.161,0.256,12.32,5.554,17.062,3.387,16.249,5.219,25.788,6.073,457,,7,8,17.825,16.249,69.52,300
M0252,M056B,M056,M0252.jpg,2026-09-28T08:33:27.544456,code-main-2026-09-22,FOUND,PASS,,14820.61,36.3,7.96,0.8,72.01,1642.0,22.8,37.1,7.0,85.71,613.0,6.782,4.783,8.394,1.3,2.216,1.761,2.916,0.357,1.773,1.409,2.332,0.286,11.734,6.079,18.933,4.025,14.994,6.215,29.889,7.431,651,,7,7,12.512,14.994,72.01,300
M0253,M056C,M056,M0253.jpg,2026-09-28T08:33:43.520962,code-main-2026-09-22,FOUND,PASS,,14820.61,36.3,7.96,0.8,70.75,1613.0,22.8,37.1,6.0,83.33,247.0,7.049,5.011,8.954,1.383,2.938,2.019,6.33,1.525,2.35,1.615,5.064,1.22,14.963,7.314,33.193,8.518,37.175,8.555,150.256,50.702,560,,6,6,14.559,37.175,70.75,300
M0254,M056D,M056,M0254.jpg,2026-09-28T08:34:04.323210,code-main-2026-09-22,FOUND,PASS,,14820.61,36.3,7.96,0.8,75.87,1730.0,22.8,37.1,12.0,91.67,698.0,6.642,4.352,8.658,1.129,2.135,1.551,2.689,0.307,1.708,1.241,2.151,0.246,10.651,6.397,17.148,2.803,13.172,5.746,25.23,5.022,586,,9,12,13.922,13.172,75.87,300
M0255,M056E,M056,M0255.jpg,2026-09-28T08:34:21.908941,code-main-2026-09-22,FOUND,PASS,,14820.61,36.3,7.96,0.8,71.2,1623.0,22.8,37.1,8.0,87.5,277.0,7.287,5.617,9.156,1.175,2.903,1.915,6.014,1.199,2.322,1.532,4.811,0.959,15.007,8.037,28.395,5.563,33.164,8.73,138.712,40.105,402,,6,8,20.274,33.164,71.2,300
M0256,M056F,M056,M0256.jpg,2026-09-28T08:34:38.119131,code-main-2026-09-22,FOUND,PASS,,14820.61,36.3,7.96,0.8,68.21,1555.0,22.8,37.1,13.0,92.31,491.0,7.574,5.151,8.92,0.976,2.379,1.874,2.995,0.316,1.903,1.5,2.396,0.253,13.632,7.099,19.456,3.302,18.698,7.581,33.516,6.874,403,,11,13,20.203,18.698,68.21,300
M0257,M057A,M057,M0257.jpg,2026-09-28T08:34:58.693187,code-main-2026-09-22,FOUND,PASS,,15065.58,36.9,8.08,0.2,70.42,1606.0,22.8,37.1,8.0,100.0,471.0,7.553,6.157,8.576,0.71,2.461,1.971,2.779,0.325,1.969,1.577,2.223,0.26,14.262,9.011,17.953,3.034,19.829,10.021,26.457,6.149,340,,6,8,24.385,19.829,70.42,305
M0258,M057B,M057,M0258.jpg,2026-09-28T08:35:16.751886,code-main-2026-09-22,FOUND,PASS,,15065.58,36.9,8.08,0.2,72.42,1651.0,22.8,37.1,10.0,100.0,557.0,7.007,4.932,8.607,1.076,2.379,2.109,2.569,0.154,1.903,1.687,2.055,0.123,12.422,7.318,16.711,2.365,16.772,9.481,23.725,3.655,449,,7,10,18.459,16.772,72.42,305
M0259,M057C,M057,M0259.jpg,2026-09-28T08:35:37.333057,code-main-2026-09-22,FOUND,PASS,,15065.58,36.9,8.08,0.2,69.53,1585.0,22.8,37.1,11.0,100.0,569.0,7.092,5.68,8.886,1.099,2.344,1.933,2.918,0.263,1.875,1.546,2.334,0.21,12.322,8.102,16.482,2.114,16.409,8.89,23.072,3.833,457,,8,11,18.13,16.409,69.53,305
M0260,M057D,M057,M0260.jpg,2026-09-28T08:35:54.280891,code-main-2026-09-22,FOUND,PASS,,15065.58,36.9,8.08,0.2,78.09,1781.0,22.8,37.1,13.0,92.31,794.0,5.902,3.987,7.696,1.153,2.142,1.778,3.008,0.318,1.714,1.422,2.406,0.255,9.35,5.278,12.656,2.311,11.771,5.277,23.02,4.715,621,,10,13,13.333,11.771,78.09,305
M0261,M057E,M057,M0261.jpg,2026-09-28T08:36:11.668798,code-main-2026-09-22,FOUND,PASS,,15065.58,36.9,8.08,0.2,71.74,1636.0,22.8,37.1,14.0,100.0,623.0,6.931,4.465,9.044,1.285,2.259,1.728,2.685,0.26,1.807,1.382,2.148,0.208,11.679,7.073,15.388,2.547,14.991,7.392,21.504,4.177,497,,11,14,16.66,14.991,71.74,305
M0262,M0262,M0262,M0262.jpg,2026-09-24T12:58:24+07:00,code-main-2026-09-22,FOUND,PASS,,2027.91,2.4,344.0,45.5,44.95,1474.0,32.8,47.9,6.0,83.33,30.0,9.9,9.018,10.679,0.693,3.169,2.618,3.467,0.273,2.535,2.094,2.774,0.218,23.588,17.963,27.489,3.049,42.161,25.954,50.936,8.182,25,,6,6,45.402,42.161,44.95,50
M0263,M0263,M0263,M0263.jpg,2026-09-24T13:00:52+07:00,code-main-2026-09-22,FOUND,PASS,,2957.37,3.5,344.0,44.4,44.97,1475.0,32.8,47.9,7.0,85.71,50.0,9.066,8.065,9.929,0.574,3.086,2.88,3.71,0.26,2.469,2.304,2.968,0.208,20.397,17.78,23.13,1.884,36.519,28.019,52.681,7.332,48,,7,7,33.825,36.519,44.97,55
M0264,M0264,M0264,M0264.jpg,2026-09-24T13:01:57+07:00,code-main-2026-09-22,FOUND,PASS,,3379.85,4.0,344.0,43.9,54.4,1784.0,32.8,47.9,18.0,88.89,57.0,8.811,6.921,10.757,1.002,3.112,2.381,4.542,0.494,2.49,1.905,3.633,0.395,20.521,12.251,30.847,4.577,37.064,18.001,72.583,14.052,50,,13,18,37.301,37.064,54.4,60
M0265,M0265,M0265,M0265.jpg,2026-09-24T13:04:42+07:00,code-main-2026-09-22,FOUND,PASS,,3379.85,4.0,344.0,43.9,49.55,1625.0,32.8,47.9,15.0,100.0,60.0,8.508,7.354,9.613,0.765,3.126,2.606,3.601,0.262,2.501,2.085,2.88,0.21,19.808,16.477,25.258,2.261,34.993,26.809,48.573,6.356,50,,12,15,36.915,34.993,49.55,65
M0266,M0266,M0266,M0266.jpg,2026-09-24T13:10:04+07:00,code-main-2026-09-22,FOUND,PASS,,3971.32,4.7,344.0,43.2,49.97,1639.0,32.8,47.9,17.0,94.12,77.0,9.179,7.013,11.204,1.074,2.877,2.245,3.403,0.344,2.302,1.796,2.723,0.275,19.547,14.04,26.106,2.962,32.035,19.148,48.782,7.505,62,,12,17,35.484,32.035,49.97,75
M0267,M0267,M0267,M0267.jpg,2026-09-24T14:34:52+07:00,code-main-2026-09-22,FOUND,PASS,,5069.78,6.0,23.0,42.0,26.55,871.0,32.8,48.0,4.0,75.0,51.0,10.473,10.006,11.031,0.439,3.64,2.922,5.065,0.839,2.912,2.338,4.052,0.671,29.024,21.248,42.174,7.895,61.731,35.784,115.78,31.585,64,,4,4,43.715,61.731,26.55,90
M0268,M0268,M0268,M0268.jpg,2026-09-24T14:35:23+07:00,code-main-2026-09-22,FOUND,PASS,,5914.74,7.0,23.5,41.0,22.21,729.0,32.8,48.0,8.0,100.0,97.0,9.004,7.706,11.108,1.131,3.156,2.813,3.756,0.321,2.525,2.25,3.005,0.257,20.916,16.104,23.915,2.608,37.735,25.536,50.227,7.695,79,,6,8,41.002,37.735,22.21,95
M0269,M0269,M0269,M0269.jpg,2026-09-24T14:54:11+07:00,code-main-2026-09-22,FOUND,PASS,,2504.07,3.0,1.17,45.0,16.99,554.0,32.6,48.0,8.0,87.5,53.0,8.939,7.991,9.595,0.513,2.79,2.461,3.286,0.244,2.232,1.969,2.629,0.195,18.849,16.036,23.528,2.051,29.337,23.532,42.238,5.562,46,,5,8,29.831,29.337,16.99,50
M0270,M0270,M0270,M0270.jpg,2026-09-24T14:58:52+07:00,code-main-2026-09-22,FOUND,PASS,,3422.23,4.1,1.32,43.9,16.08,524.0,32.6,48.0,10.0,100.0,70.0,9.0,7.954,9.899,0.704,2.819,2.369,3.231,0.279,2.255,1.895,2.585,0.223,19.038,15.839,23.46,2.422,30.275,21.716,43.011,6.666,56,,7,10,33.49,30.275,16.08,55
M0271,M0271,M0271,M0271.jpg,2026-09-24T14:59:44+07:00,code-main-2026-09-22,FOUND,PASS,,5681.14,4.2,2.65,55.8,16.49,684.0,41.5,60.0,3.0,100.0,64.0,8.283,4.319,10.688,2.824,3.396,1.58,4.783,1.342,2.717,1.264,3.827,1.074,23.917,5.008,35.872,13.526,54.767,4.518,94.319,37.433,57,,3,3,54.767,54.767,16.49,100
M0272,M0272,M0272,M0272.jpg,2026-09-24T15:00:55+07:00,code-main-2026-09-22,FOUND,PASS,,5681.14,4.2,2.78,55.8,16.88,700.0,41.5,60.0,8.0,75.0,66.0,9.783,8.678,10.803,0.782,3.573,2.737,4.357,0.438,2.858,2.19,3.486,0.35,25.884,18.658,31.898,3.958,53.515,29.105,84.541,15.38,53,,6,8,58.952,53.515,16.88,105
M0273,M0273,M0273,M0273.jpg,2026-09-24T15:03:08+07:00,code-main-2026-09-22,FOUND,PASS,,6357.46,4.7,2.89,55.3,20.31,843.0,41.5,60.0,14.0,100.0,102.0,8.753,7.614,10.438,0.835,3.235,2.729,3.926,0.367,2.588,2.183,3.141,0.293,20.869,16.132,25.32,2.44,38.648,24.67,51.085,8.422,84,,11,14,41.555,38.648,20.31,110
M0274,M0274,M0274,M0274.jpg,2026-09-24T15:04:47+07:00,code-main-2026-09-22,FOUND,PASS,,6357.46,4.7,3.05,55.3,17.95,745.0,41.5,60.0,2.0,100.0,88.0,8.953,8.615,9.291,0.338,3.465,3.389,3.542,0.076,2.772,2.711,2.833,0.061,23.321,23.224,23.418,0.097,44.979,44.695,45.263,0.284,78,,2,2,44.979,44.979,17.95,115
M0275,M0275,M0275,M0275.jpg,2026-09-24T15:04:52+07:00,code-main-2026-09-22,FOUND,PASS,,3171.82,3.8,1.46,44.2,16.35,533.0,32.6,48.0,17.0,100.0,56.0,9.083,5.707,10.103,1.043,2.978,2.114,3.65,0.383,2.382,1.691,2.92,0.307,20.792,9.071,26.977,4.325,34.908,10.686,54.214,10.534,44,,13,17,39.335,34.908,16.35,60
M0277,M0277,M0277,M0277.jpg,2026-09-24T15:08:55+07:00,code-main-2026-09-22,FOUND,PASS,,3505.7,4.2,1.62,43.8,16.13,526.0,32.6,48.0,10.0,80.0,54.0,8.99,5.318,11.096,1.438,3.049,2.33,5.469,0.859,2.439,1.864,4.375,0.687,20.424,9.329,35.274,6.331,40.202,12.092,139.017,34.036,59,,8,10,32.88,40.202,16.13,65
M0278,M0278,M0278,M0278.jpg,2026-09-24T15:10:02+07:00,code-main-2026-09-22,FOUND,PASS,,5951.67,4.4,3.29,55.6,16.49,684.0,41.5,60.0,1.0,100.0,79.0,11.232,11.232,11.232,0.0,3.156,3.156,3.156,0.0,2.525,2.525,2.525,0.0,25.01,25.01,25.01,0.0,46.857,46.857,46.857,0.0,70,,1,1,46.857,46.857,16.49,125
M0279,M0279,M0279,M0279.jpg,2026-09-24T15:11:12+07:00,code-main-2026-09-22,FOUND,PASS,,7169.06,5.3,3.29,54.7,20.17,837.0,41.5,60.0,8.0,87.5,95.0,8.906,7.555,10.109,0.966,3.421,2.9,5.208,0.723,2.737,2.32,4.167,0.578,22.074,17.279,29.113,4.554,46.718,28.395,108.83,25.453,104,,8,8,37.845,46.718,20.17,130
M0280,M0280,M0280,M0280.jpg,2026-09-24T15:11:19+07:00,code-main-2026-09-22,FOUND,PASS,,4173.45,5.0,1.79,43.0,16.69,544.0,32.6,48.0,8.0,100.0,94.0,8.942,7.421,10.764,1.025,2.682,2.249,3.163,0.276,2.146,1.799,2.53,0.221,18.25,13.65,23.813,3.292,27.534,18.005,40.964,7.571,75,,6,8,30.672,27.534,16.69,70
M0282,M0282,M0282,M0282.jpg,2026-09-24T15:14:12+07:00,code-main-2026-09-22,FOUND,PASS,,4089.98,4.9,1.92,43.1,16.72,545.0,32.6,48.0,9.0,100.0,79.0,8.866,7.474,9.624,0.664,2.93,2.663,3.205,0.186,2.344,2.13,2.564,0.148,19.735,17.747,23.876,1.808,31.927,27.715,41.405,4.348,69,,5,9,32.799,31.927,16.72,75
M0283,M0283,M0283,M0283.jpg,2026-09-24T15:15:24+07:00,code-main-2026-09-22,FOUND,PASS,,8251.18,6.1,3.69,53.9,19.05,791.0,41.5,60.0,5.0,80.0,118.0,8.669,7.746,10.044,0.799,3.43,3.158,4.232,0.404,2.744,2.526,3.385,0.323,21.989,18.573,25.817,2.702,43.466,33.411,65.86,12.066,120,,5,5,37.868,43.466,19.05,140
M0284,M0284,M0284,M0284.jpg,2026-09-24T15:16:14+07:00,code-main-2026-09-22,FOUND,PASS,,4256.92,5.1,2.0,42.9,15.35,500.0,32.6,48.0,6.0,100.0,83.0,9.148,8.056,10.445,0.72,2.853,2.522,3.199,0.263,2.282,2.018,2.559,0.21,20.041,17.315,25.349,3.093,31.739,24.132,44.709,7.933,74,,6,6,31.739,31.739,15.35,80
M0287,M0287,M0287,M0287.jpg,2026-09-24T15:20:15+07:00,code-main-2026-09-22,FOUND,PASS,,4507.32,5.4,2.25,42.6,16.55,539.0,32.6,48.0,10.0,90.0,100.0,8.738,6.972,9.679,0.908,2.754,2.339,3.255,0.291,2.203,1.871,2.604,0.233,17.951,12.765,23.572,2.74,27.936,19.828,42.397,6.217,87,,7,10,28.427,27.936,16.55,90
M0288,M0288,M0288,M0288.jpg,2026-09-24T15:21:54+07:00,code-main-2026-09-22,FOUND,PASS,,4674.26,5.6,2.38,42.4,16.87,550.0,32.6,48.0,13.0,100.0,82.0,8.913,8.056,9.728,0.555,3.042,2.354,4.08,0.472,2.434,1.883,3.264,0.378,20.037,15.136,24.925,2.631,35.261,20.109,57.712,10.868,66,,10,13,38.849,35.261,16.87,95
M0291,M0291,M0291,M0291.jpg,2026-09-24T15:27:11+07:00,code-main-2026-09-22,FOUND,PASS,,9198.03,6.8,4.07,53.2,22.07,916.0,41.5,60.0,10.0,80.0,157.0,8.568,3.398,9.82,1.824,2.963,1.107,4.865,0.88,2.371,0.885,3.892,0.704,18.931,2.746,28.361,6.514,36.345,1.743,89.407,21.251,141,,8,10,35.815,36.345,22.07,155
M0293,M0293,M0293,M0293.jpg,2026-09-24T15:35:01+07:00,code-main-2026-09-22,FOUND,PASS,,9739.09,7.2,4.23,52.8,22.52,935.0,41.5,60.0,6.0,100.0,200.0,8.447,7.723,9.586,0.671,2.886,2.504,3.373,0.314,2.309,2.004,2.698,0.252,18.218,14.575,22.698,2.734,30.143,20.714,45.681,8.475,178,,6,6,30.143,30.143,22.52,160
M0294,M0294,M0294,M0294.jpg,2026-09-24T15:37:01+07:00,code-main-2026-09-22,FOUND,PASS,,9198.03,6.8,4.33,53.2,19.58,813.0,41.5,60.0,5.0,80.0,145.0,9.502,7.511,10.59,1.091,3.078,2.411,4.123,0.573,2.462,1.929,3.299,0.458,20.899,15.265,29.598,4.965,39.443,24.071,73.063,17.685,163,,5,5,31.038,39.443,19.58,165
M0295,M0295,M0295,M0295.jpg,2026-09-24T15:57:49+07:00,code-main-2026-09-22,FOUND,PASS,,9874.36,7.3,4.46,52.7,19.25,799.0,41.5,60.0,4.0,75.0,172.0,8.998,7.904,10.815,1.157,3.072,2.851,3.35,0.185,2.458,2.281,2.68,0.148,20.575,17.463,23.499,2.192,35.515,27.544,40.071,4.747,142,,4,4,38.172,35.515,19.25,170
M0296,M0296,M0296,M0296.jpg,2026-09-24T15:58:25+07:00,code-main-2026-09-22,FOUND,PASS,,6427.11,7.7,2.87,40.9,17.66,576.0,32.6,48.6,15.0,100.0,136.0,8.548,5.368,10.384,1.268,2.794,1.793,3.384,0.441,2.235,1.435,2.707,0.352,17.946,9.239,24.767,4.702,29.351,9.226,43.346,10.515,101,,11,15,35.031,29.351,17.66,120
M0297,M0297,M0297,M0297.jpg,2026-09-24T15:59:11+07:00,code-main-2026-09-22,FOUND,PASS,,10550.69,7.8,4.6,52.2,20.0,830.0,41.5,60.0,8.0,100.0,177.0,9.303,8.182,10.7,0.861,3.069,2.674,3.596,0.264,2.455,2.139,2.877,0.211,21.112,16.564,24.599,2.457,36.948,24.507,47.359,6.873,150,,7,8,38.725,36.948,20.0,175
M0298,M0298,M0298,M0298.jpg,2026-09-24T16:00:08+07:00,code-main-2026-09-22,FOUND,PASS,,6760.99,8.1,3.0,40.5,16.8,548.0,32.6,48.6,9.0,88.89,131.0,8.127,5.727,9.705,1.228,2.979,2.506,4.604,0.647,2.383,2.005,3.683,0.518,18.394,12.226,28.965,5.089,31.924,17.792,74.813,17.004,128,,7,9,29.051,31.924,16.8,125
M0300,M0300,M0300,M0300.jpg,2026-09-24T16:01:16+07:00,code-main-2026-09-22,FOUND,PASS,,7094.86,8.5,3.11,40.1,16.73,545.0,32.6,48.6,7.0,85.71,105.0,9.1,7.98,10.408,0.798,3.284,2.989,4.304,0.427,2.627,2.391,3.443,0.341,21.742,18.218,24.558,2.348,41.94,30.298,71.404,12.888,105,,7,7,37.03,41.94,16.73,130
M0301,M0301,M0301,M0301.jpg,2026-09-24T16:09:55+07:00,code-main-2026-09-22,FOUND,PASS,,7512.21,9.0,3.29,39.6,16.38,534.0,32.6,48.6,8.0,100.0,157.0,8.421,6.63,9.802,0.949,2.879,2.573,3.422,0.273,2.303,2.058,2.738,0.219,18.55,13.648,22.555,2.862,29.595,20.104,42.361,6.986,128,,6,8,32.318,29.595,16.38,135
M0302,M0302,M0302,M0302.jpg,2026-09-24T16:09:57+07:00,code-main-2026-09-22,FOUND,PASS,,9333.3,6.9,4.83,53.1,22.47,933.0,41.5,60.0,12.0,91.67,193.0,8.27,4.589,10.313,1.334,2.839,1.393,3.597,0.517,2.271,1.114,2.878,0.413,17.685,4.916,23.089,4.678,29.922,3.73,46.612,10.741,154,,9,12,33.382,29.922,22.47,185
M0303,M0303,M0303,M0303.jpg,2026-09-24T16:11:04+07:00,code-main-2026-09-22,FOUND,PASS,,7762.61,9.3,3.31,39.3,17.87,583.0,32.6,48.6,7.0,100.0,188.0,8.42,7.751,9.325,0.494,2.663,2.036,3.378,0.421,2.13,1.629,2.702,0.337,16.908,13.007,20.206,2.788,25.644,14.889,39.335,8.202,166,,7,7,25.644,25.644,17.87,140
M0304,M0304,M0304,M0304.jpg,2026-09-24T16:11:59+07:00,code-main-2026-09-22,FOUND,PASS,,10550.69,7.8,4.93,52.2,21.15,878.0,41.5,60.0,7.0,85.71,155.0,8.595,8.126,9.375,0.446,3.394,2.809,4.596,0.557,2.715,2.248,3.677,0.445,21.133,17.419,24.649,2.155,42.167,27.356,71.906,13.332,156,,7,7,37.211,42.167,21.15,190
M0305,M0305,M0305,M0305.jpg,2026-09-24T16:12:49+07:00,code-main-2026-09-22,FOUND,PASS,,8263.43,9.9,3.57,38.7,16.9,551.0,32.6,48.6,9.0,100.0,173.0,8.485,4.328,12.429,2.029,2.737,1.3,3.335,0.585,2.19,1.04,2.668,0.468,18.154,4.201,27.217,6.339,29.536,3.063,44.986,12.894,138,,8,9,32.846,29.536,16.9,145
M0306,M0306,M0306,M0306.jpg,2026-09-24T16:13:56+07:00,code-main-2026-09-22,FOUND,PASS,,10550.69,7.8,5.05,52.2,19.32,802.0,41.5,60.0,10.0,100.0,140.0,9.12,7.496,10.152,0.794,3.469,3.091,3.997,0.305,2.775,2.473,3.197,0.244,23.454,17.603,29.953,3.449,46.578,31.072,65.087,10.113,115,,8,10,50.317,46.578,19.32,195
M0308,M0308,M0308,M0308.jpg,2026-09-24T16:16:15+07:00,code-main-2026-09-22,FOUND,PASS,,10550.69,7.8,5.16,52.2,18.73,777.0,41.5,60.0,4.0,100.0,123.0,9.228,8.913,9.807,0.346,3.7,3.414,4.141,0.303,2.96,2.731,3.313,0.243,25.019,23.186,28.033,1.841,53.259,44.277,64.026,8.862,109,,4,4,53.259,53.259,18.73,200
M0309,M0309,M0309,M0309.jpg,2026-09-24T16:18:10+07:00,code-main-2026-09-22,FOUND,PASS,,8096.49,9.7,3.82,38.9,16.72,545.0,32.6,48.6,8.0,75.0,160.0,8.767,7.664,9.786,0.801,2.885,2.069,3.578,0.411,2.308,1.655,2.862,0.329,18.975,12.122,21.548,2.96,31.372,13.744,48.618,9.275,137,,6,8,32.514,31.372,16.72,155
M0310,M0310,M0310,M0310.jpg,2026-09-24T16:18:48+07:00,code-main-2026-09-22,FOUND,PASS,,11091.75,8.2,5.33,51.8,26.73,1110.0,41.5,60.0,20.0,95.0,259.0,8.195,2.75,10.283,1.413,2.676,0.655,3.578,0.577,2.141,0.524,2.862,0.462,16.859,1.361,22.884,4.314,26.518,0.495,44.95,9.26,210,,15,20,29.078,26.518,26.73,205
M0311,M0311,M0311,M0311.jpg,2026-09-24T16:20:35+07:00,code-main-2026-09-22,FOUND,PASS,,8179.96,9.8,3.93,38.8,18.29,596.0,32.6,48.6,12.0,100.0,219.0,7.968,4.161,9.778,1.496,2.58,1.857,3.227,0.366,2.064,1.485,2.582,0.293,15.261,7.768,22.34,3.96,23.198,9.77,40.771,9.207,174,,10,12,25.843,23.198,18.29,160
M0312,M0312,M0312,M0312.jpg,2026-09-24T16:21:26+07:00,code-main-2026-09-22,FOUND,PASS,,12038.6,8.9,5.46,51.1,26.94,1118.0,41.5,60.0,24.0,100.0,267.0,7.91,2.356,10.636,1.667,2.802,1.041,3.534,0.505,2.242,0.833,2.827,0.404,16.869,1.829,23.634,4.798,27.932,1.069,45.116,10.706,204,,18,24,32.459,27.932,26.94,210
M0314,M0314,M0314,M0314.jpg,2026-09-24T16:23:06+07:00,code-main-2026-09-22,FOUND,PASS,,11362.28,8.4,5.59,51.6,28.09,1166.0,41.5,60.0,24.0,91.67,208.0,8.347,5.969,9.949,1.04,3.026,2.066,5.295,0.688,2.42,1.653,4.236,0.55,18.105,10.499,25.126,3.713,33.825,13.729,98.462,17.893,188,,19,24,33.209,33.825,28.09,215
M0315,M0315,M0315,M0315.jpg,2026-09-24T16:23:36+07:00,code-main-2026-09-22,FOUND,PASS,,8764.24,10.5,4.2,38.1,16.57,540.0,32.6,48.6,6.0,83.33,153.0,8.627,6.915,10.188,1.138,3.029,2.383,4.047,0.524,2.423,1.906,3.237,0.42,19.546,12.597,26.942,4.757,35.598,16.444,69.891,17.181,168,,6,6,28.739,35.598,16.57,170
M0316,M0316,M0316,M0316.jpg,2026-09-24T16:25:08+07:00,code-main-2026-09-22,FOUND,PASS,,9014.65,10.8,4.33,37.8,17.38,567.0,32.6,48.6,12.0,100.0,214.0,8.318,5.994,10.192,1.283,2.693,1.931,3.299,0.402,2.154,1.544,2.639,0.322,17.135,8.968,22.737,4.151,26.151,10.352,40.643,9.079,164,,9,12,30.323,26.151,17.38,175
M0317,M0317,M0317,M0317.jpg,2026-09-24T16:25:39+07:00,code-main-2026-09-22,FOUND,PASS,,12444.4,9.2,5.74,50.8,27.35,1135.0,41.5,60.0,20.0,95.0,246.0,8.46,5.831,10.658,1.128,2.917,2.311,3.833,0.417,2.333,1.849,3.067,0.333,18.534,10.195,27.966,4.138,31.401,13.046,64.277,12.061,208,,16,20,32.863,31.401,27.35,220
M0318,M0318,M0318,M0318.jpg,2026-09-24T16:27:58+07:00,code-main-2026-09-22,FOUND,PASS,,9682.4,11.6,4.44,37.0,17.12,558.0,32.6,48.6,10.0,90.0,242.0,8.54,7.709,9.464,0.602,2.594,2.08,3.313,0.375,2.075,1.664,2.65,0.3,16.508,13.123,21.931,2.876,24.764,15.271,41.246,8.342,198,,8,10,26.93,24.764,17.12,180
M0319,M0319,M0319,M0319.jpg,2026-09-24T16:30:40+07:00,code-main-2026-09-22,FOUND,PASS,,12850.19,9.5,5.88,50.5,23.58,978.0,41.5,60.0,5.0,100.0,242.0,8.332,6.601,9.487,1.159,3.045,2.435,3.574,0.413,2.436,1.948,2.86,0.331,18.218,13.494,24.17,3.816,32.877,18.3,45.828,9.225,215,,5,5,32.877,32.877,23.58,225
M0321,M0321,M0321,M0321.jpg,2026-09-24T16:33:13+07:00,code-main-2026-09-22,FOUND,PASS,,9849.34,11.8,4.67,36.8,17.4,567.0,32.6,48.6,7.0,100.0,251.0,8.351,7.032,9.177,0.715,2.631,2.222,2.999,0.233,2.105,1.778,2.399,0.187,16.678,13.871,18.529,1.695,24.342,17.411,30.324,4.319,223,,7,7,24.342,24.342,17.4,190
M0322,M0322,M0322,M0322.jpg,2026-09-24T16:33:58+07:00,code-main-2026-09-22,FOUND,PASS,,12444.4,9.2,6.0,50.8,28.03,1163.0,41.5,60.0,24.0,100.0,306.0,7.969,6.272,10.338,0.886,2.715,1.994,3.526,0.357,2.172,1.595,2.821,0.286,15.957,10.778,23.058,2.776,25.183,12.229,41.07,7.695,244,,18,24,28.063,25.183,28.03,230
M0323,M0323,M0323,M0323.jpg,2026-09-24T16:35:36+07:00,code-main-2026-09-22,FOUND,PASS,,9849.34,11.8,4.83,36.8,17.96,585.0,32.6,48.6,8.0,100.0,191.0,8.495,6.446,10.065,1.056,2.929,2.267,3.659,0.485,2.343,1.814,2.928,0.388,18.939,12.757,25.435,4.437,31.954,15.749,50.428,12.702,158,,7,8,34.269,31.954,17.96,195
M0325,M0325,M0325,M0325.jpg,2026-09-24T16:37:09+07:00,code-main-2026-09-22,FOUND,PASS,,14067.58,10.4,6.12,49.6,26.59,1104.0,41.5,60.0,19.0,89.47,269.0,8.245,5.976,10.296,1.352,3.015,2.209,4.113,0.462,2.412,1.768,3.291,0.369,18.416,13.165,26.014,3.982,32.445,18.015,67.802,13.164,240,,14,19,32.226,32.445,26.59,235
M0326,M0326,M0326,M0326.jpg,2026-09-24T16:37:43+07:00,code-main-2026-09-22,FOUND,PASS,,10099.75,12.1,5.0,36.5,17.99,586.0,32.6,48.6,5.0,100.0,200.0,8.835,7.656,9.493,0.627,2.884,2.459,3.249,0.29,2.307,1.967,2.599,0.232,19.295,14.12,23.012,3.324,31.296,22.485,40.616,7.401,177,,5,5,31.296,31.296,17.99,200
M0327,M0327,M0327,M0327.jpg,2026-09-24T16:40:37+07:00,code-main-2026-09-22,FOUND,PASS,,10099.75,12.1,5.09,36.5,17.84,581.0,32.6,48.6,9.0,100.0,199.0,8.281,5.321,9.351,1.263,2.956,2.409,3.442,0.341,2.365,1.927,2.754,0.273,18.312,9.944,23.812,4.026,31.415,12.93,46.403,10.026,155,,7,9,35.724,31.415,17.84,205
M0328,M0328,M0328,M0328.jpg,2026-09-24T16:43:04+07:00,code-main-2026-09-22,FOUND,PASS,,10350.15,12.4,5.22,36.2,18.41,600.0,32.6,48.6,9.0,100.0,320.0,7.192,5.62,9.605,1.332,2.545,2.301,2.811,0.196,2.036,1.841,2.249,0.157,13.972,10.379,20.25,3.346,20.041,13.296,31.612,6.454,284,,9,9,20.041,20.041,18.41,210
M0329,M0329,M0329,M0329.jpg,2026-09-24T16:43:37+07:00,code-main-2026-09-22,FOUND,PASS,,12309.13,9.1,6.23,50.9,25.46,1056.0,41.5,60.0,15.0,93.33,224.0,8.275,6.332,9.705,1.074,3.072,2.505,4.757,0.499,2.457,2.004,3.806,0.399,19.051,12.642,29.586,3.941,34.067,19.195,88.053,15.805,205,,11,15,33.082,34.067,25.46,240
M0330,M0330,M0330,M0330.jpg,2026-09-24T16:44:46+07:00,code-main-2026-09-22,FOUND,PASS,,10433.62,12.5,5.37,36.1,17.76,579.0,32.6,48.6,9.0,88.89,158.0,8.933,8.325,9.894,0.553,3.224,2.583,5.392,0.806,2.579,2.067,4.313,0.645,21.31,16.712,31.927,4.395,40.9,23.851,101.374,22.406,158,,7,9,36.363,40.9,17.76,215
M0331,M0331,M0331,M0331.jpg,2026-09-24T16:46:19+07:00,code-main-2026-09-22,FOUND,PASS,,13661.79,10.1,6.37,49.9,25.28,1049.0,41.5,60.0,21.0,90.48,312.0,7.95,3.777,9.627,1.199,2.774,0.882,3.553,0.497,2.219,0.706,2.842,0.397,16.77,2.349,22.347,4.04,27.152,1.232,43.899,8.574,248,,16,21,30.288,27.152,25.28,245
M0333,M0333,M0333,M0333.jpg,2026-09-24T16:48:06+07:00,code-main-2026-09-22,FOUND,PASS,,12714.93,9.4,6.51,50.6,21.85,907.0,41.5,60.0,11.0,90.91,309.0,7.652,2.798,9.627,1.858,2.739,1.657,3.124,0.394,2.191,1.326,2.5,0.315,16.006,3.142,20.106,4.736,25.525,3.22,34.272,8.656,234,,8,11,29.933,25.525,21.85,250
M0334,M0334,M0334,M0334.jpg,2026-09-24T16:48:39+07:00,code-main-2026-09-22,FOUND,PASS,,11101.37,13.3,5.64,35.3,25.03,816.0,32.6,48.6,13.0,92.31,689.0,6.114,4.656,8.107,0.905,1.953,1.619,2.358,0.192,1.562,1.295,1.887,0.154,9.115,6.283,14.188,1.916,9.986,5.92,18.886,3.149,589,,9,13,10.37,9.986,25.03,225
M0335,M0335,M0335,M0335.jpg,2026-09-24T16:49:39+07:00,code-main-2026-09-22,FOUND,PASS,,13932.32,10.3,6.62,49.7,24.22,1005.0,41.5,60.0,12.0,100.0,278.0,8.038,3.04,10.749,2.126,2.824,0.712,3.587,0.736,2.259,0.57,2.87,0.589,18.121,1.573,29.701,7.368,31.074,0.645,57.944,15.914,216,,10,12,35.48,31.074,24.22,255
M0336,M0336,M0336,M0336.jpg,2026-09-24T16:51:00+07:00,code-main-2026-09-22,FOUND,PASS,,11351.78,13.6,5.74,35.0,18.41,600.0,32.6,48.6,8.0,100.0,250.0,8.696,5.639,9.795,1.27,2.759,2.215,3.142,0.267,2.208,1.772,2.513,0.214,18.128,10.832,21.632,3.54,28.198,16.759,36.306,7.347,186,,6,8,33.629,28.198,18.41,230
M0338,M0338,M0338,M0338.jpg,2026-09-24T16:53:34+07:00,code-main-2026-09-22,FOUND,PASS,,14067.58,10.4,6.79,49.6,25.12,1042.0,41.5,60.0,10.0,100.0,276.0,8.683,6.949,10.52,0.94,2.912,2.589,3.532,0.281,2.33,2.072,2.825,0.225,18.659,13.467,24.716,3.078,31.599,19.516,49.427,8.972,226,,8,10,34.221,31.599,25.12,260
M0340,M0340,M0340,M0340.jpg,2026-09-24T16:55:52+07:00,code-main-2026-09-22,FOUND,PASS,,14067.58,10.4,6.92,49.6,34.19,1419.0,41.5,60.0,29.0,100.0,350.0,7.888,5.549,10.012,1.188,2.706,2.205,3.214,0.308,2.165,1.764,2.571,0.247,16.163,10.052,22.712,3.611,24.941,12.468,40.397,8.069,281,,23,29,27.583,24.941,34.19,265
M0342,M0342,M0342,M0342.jpg,2026-09-24T16:58:31+07:00,code-main-2026-09-22,FOUND,PASS,,14608.64,10.8,7.0,49.2,25.18,1045.0,41.5,60.0,16.0,100.0,256.0,8.675,7.455,11.715,1.06,3.086,2.136,3.869,0.403,2.469,1.708,3.095,0.323,19.914,12.246,28.449,3.854,35.314,15.266,55.641,10.206,204,,12,16,39.332,35.314,25.18,270
M0343,M0343,M0343,M0343.jpg,2026-09-24T16:59:44+07:00,code-main-2026-09-22,FOUND,PASS,,11852.59,14.2,6.17,34.4,23.14,754.0,32.6,48.6,10.0,100.0,527.0,6.917,5.595,8.28,0.964,2.174,1.883,2.346,0.134,1.739,1.506,1.877,0.108,11.52,8.095,14.676,2.218,13.937,8.309,19.094,3.362,430,,8,10,15.174,13.937,23.14,250
M0344,M0344,M0344,M0344.jpg,2026-09-24T17:00:33+07:00,code-main-2026-09-22,FOUND,PASS,,14338.11,10.6,7.16,49.4,23.99,996.0,41.5,60.0,15.0,93.33,275.0,8.661,6.321,9.921,1.06,2.968,2.464,3.239,0.218,2.375,1.971,2.591,0.174,19.404,11.089,23.052,3.171,32.351,16.074,40.691,6.661,221,,11,15,35.688,32.351,23.99,275
M0346,M0346,M0346,M0346.jpg,2026-09-24T17:02:53+07:00,code-main-2026-09-22,FOUND,PASS,,13932.32,10.3,7.34,49.7,27.06,1123.0,41.5,60.0,18.0,83.33,290.0,8.81,6.826,11.217,1.079,2.812,2.055,3.641,0.372,2.25,1.644,2.913,0.297,18.506,12.982,25.93,3.376,29.765,16.003,48.242,8.857,236,,13,18,32.452,29.765,27.06,280
M0347,M0347,M0347,M0347.jpg,2026-09-24T17:05:23+07:00,code-main-2026-09-22,FOUND,PASS,,11936.06,14.3,6.47,34.3,22.66,739.0,32.6,48.6,10.0,100.0,639.0,6.22,4.984,7.72,0.896,2.072,1.571,2.51,0.277,1.657,1.257,2.008,0.221,9.911,5.696,12.879,2.377,11.586,5.152,17.789,3.914,508,,8,10,12.921,11.586,22.66,260
M0348,M0348,M0348,M0348.jpg,2026-09-24T17:06:05+07:00,code-main-2026-09-22,FOUND,PASS,,14067.58,10.4,7.47,49.6,32.65,1355.0,41.5,60.0,29.0,93.1,441.0,7.265,5.304,9.754,1.251,2.51,1.749,3.642,0.359,2.008,1.399,2.913,0.287,13.673,8.325,20.707,3.072,19.761,9.397,39.083,7.245,359,,22,29,21.575,19.761,32.65,285
M0349,M0349,M0349,M0349.jpg,2026-09-24T17:07:18+07:00,code-main-2026-09-22,FOUND,PASS,,14067.58,10.4,7.61,49.6,27.48,1140.0,41.5,60.0,19.0,94.74,290.0,8.354,5.972,10.588,1.094,2.858,2.181,3.897,0.519,2.286,1.744,3.117,0.415,18.017,9.869,30.416,4.669,30.127,12.533,61.824,13.663,267,,16,19,29.011,30.127,27.48,290
M0350,M0350,M0350,M0350.jpg,2026-09-24T17:07:22+07:00,code-main-2026-09-22,FOUND,PASS,,12353.41,14.8,6.58,33.8,22.95,748.0,32.6,48.6,9.0,100.0,573.0,6.675,4.263,7.731,0.988,2.172,1.962,2.665,0.212,1.738,1.57,2.132,0.17,11.033,6.358,13.019,1.936,13.36,7.095,19.23,3.374,480,,8,9,14.143,13.36,22.95,265
M0352,M0352,M0352,M0352.jpg,2026-09-24T17:11:23+07:00,code-main-2026-09-22,FOUND,PASS,,15555.5,11.5,7.74,48.5,27.15,1127.0,41.5,60.0,26.0,100.0,328.0,8.516,6.3,9.664,0.805,2.834,2.173,3.652,0.343,2.267,1.738,2.921,0.274,18.073,10.793,23.042,3.116,29.396,13.246,50.434,8.511,261,,20,26,32.758,29.396,27.15,295
M0354,M0354,M0354,M0354.jpg,2026-09-24T17:13:49+07:00,code-main-2026-09-22,FOUND,PASS,,13271.57,15.9,6.92,32.7,23.84,777.0,32.6,48.6,6.0,83.33,476.0,7.315,6.873,7.592,0.284,2.294,1.767,3.61,0.606,1.835,1.414,2.888,0.485,12.051,9.981,16.202,2.11,17.295,9.871,40.313,10.463,575,,6,6,12.691,17.295,23.84,280
M0355,M0355,M0355,M0355.jpg,2026-09-24T17:14:55+07:00,code-main-2026-09-22,FOUND,PASS,,15014.44,11.1,7.88,48.9,26.69,1108.0,41.5,60.0,15.0,86.67,328.0,8.388,6.583,9.827,0.863,2.83,2.304,3.36,0.294,2.264,1.843,2.688,0.235,17.612,15.079,23.811,2.662,28.342,19.904,42.954,6.414,290,,11,15,28.474,28.342,26.69,300
M0357,M0357,M0357,M0357.jpg,2026-09-24T17:16:21+07:00,code-main-2026-09-22,FOUND,PASS,,15555.5,11.5,8.0,48.5,30.17,1252.0,41.5,60.0,16.0,100.0,326.0,8.088,5.848,9.777,1.355,2.923,2.327,3.696,0.387,2.339,1.862,2.957,0.309,17.571,10.292,23.434,3.949,29.626,15.189,44.101,9.346,260,,13,16,32.845,29.626,30.17,305
M0358,M0358,M0358,M0358.jpg,2026-09-24T17:17:10+07:00,code-main-2026-09-22,FOUND,PASS,,13355.04,16.0,7.15,32.6,21.49,700.0,32.6,48.6,9.0,88.89,407.0,7.112,4.928,8.662,1.235,2.508,1.747,4.032,0.607,2.006,1.397,3.226,0.485,13.109,8.771,19.115,3.521,20.367,9.98,54.622,13.221,411,,7,9,17.872,20.367,21.49,290
M0359,M0359,M0359,M0359.jpg,2026-09-24T17:18:28+07:00,code-main-2026-09-22,FOUND,PASS,,15690.76,11.6,8.16,48.4,28.11,1167.0,41.5,60.0,22.0,86.36,310.0,8.342,7.336,10.54,0.764,2.939,2.289,4.984,0.61,2.352,1.831,3.987,0.488,17.879,13.352,23.582,2.818,31.427,16.769,82.489,14.658,295,,17,22,29.212,31.427,28.11,310
M0360,M0360,M0360,M0360.jpg,2026-09-24T17:18:43+07:00,code-main-2026-09-22,FOUND,PASS,,13521.97,16.2,7.26,32.4,18.69,609.0,32.6,48.6,4.0,100.0,425.0,7.282,5.093,9.201,1.848,2.496,2.17,2.665,0.195,1.997,1.736,2.132,0.156,13.826,8.271,18.449,4.247,19.73,10.049,26.837,7.21,377,,4,4,19.73,19.73,18.69,295
M0362,M0362,M0362,M0362.jpg,2026-09-24T17:21:04+07:00,code-main-2026-09-22,FOUND,PASS,,15690.76,11.6,8.28,48.4,25.72,1067.0,41.5,60.0,18.0,88.89,310.0,8.017,3.811,10.203,1.482,2.962,0.911,4.11,0.637,2.369,0.729,3.288,0.51,17.815,2.446,23.601,4.719,31.365,1.325,57.991,11.318,259,,13,18,33.351,31.365,25.72,315
M0364,M0364,M0364,M0364.jpg,2026-09-24T17:24:47+07:00,code-main-2026-09-22,FOUND,PASS,,16096.56,11.9,8.43,48.1,27.12,1125.0,41.5,60.0,19.0,94.74,335.0,8.585,6.609,10.317,1.065,2.818,2.211,3.958,0.42,2.254,1.769,3.166,0.336,17.874,10.836,25.617,4.047,29.806,13.534,60.674,11.728,260,,14,19,34.02,29.806,27.12,320
M0365,M0365,M0365,M0365.jpg,2026-09-24T17:47:46+07:00,code-main-2026-09-22,FOUND,PASS,,14440.13,17.3,7.55,31.3,18.18,593.0,32.6,48.6,10.0,90.0,407.0,8.353,6.19,10.126,1.097,2.494,2.273,2.812,0.19,1.995,1.818,2.25,0.152,15.737,11.576,20.075,2.466,22.024,15.204,33.538,5.251,359,,8,10,22.111,22.024,18.18,305
M0367,M0367,M0367,M0367.jpg,2026-09-24T17:57:31+07:00,code-main-2026-09-22,FOUND,PASS,,16637.62,12.3,8.54,47.7,24.35,1010.0,41.5,60.0,10.0,100.0,342.0,8.534,6.871,10.602,1.049,2.884,2.439,3.162,0.228,2.307,1.952,2.529,0.182,18.364,13.136,23.775,3.074,30.181,19.191,41.842,7.014,279,,8,10,32.821,30.181,24.35,325
M0368,M0368,M0368,M0368.jpg,2026-09-24T17:57:54+07:00,code-main-2026-09-22,FOUND,PASS,,14273.19,17.1,7.79,31.5,30.02,978.0,32.6,48.6,18.0,88.89,238.0,8.397,5.705,10.667,1.213,3.068,2.293,6.195,0.803,2.454,1.834,4.956,0.643,19.526,10.019,42.654,6.428,37.227,12.56,171.46,33.286,243,,13,18,32.323,37.227,30.02,315
M0369,M0369,M0369,M0369.jpg,2026-09-24T17:58:51+07:00,code-main-2026-09-22,FOUND,PASS,,17043.42,12.6,8.67,47.4,24.02,997.0,41.5,60.0,12.0,100.0,307.0,8.953,6.978,11.047,1.018,3.001,2.509,3.47,0.297,2.4,2.007,2.776,0.238,20.356,14.456,26.89,3.642,34.399,21.927,47.376,8.893,246,,9,12,38.151,34.399,24.02,330
M0370,M0370,M0370,M0370.jpg,2026-09-24T18:00:33+07:00,code-main-2026-09-22,FOUND,PASS,,17043.42,12.6,8.83,47.4,20.59,855.0,41.5,60.0,9.0,88.89,241.0,8.49,6.198,9.641,0.976,3.477,2.777,5.099,0.666,2.781,2.221,4.079,0.533,21.166,16.004,27.213,2.932,43.831,31.135,85.956,17.1,221,,6,9,42.482,43.831,20.59,335
M0371,M0371,M0371,M0371.jpg,2026-09-24T18:04:07+07:00,code-main-2026-09-22,FOUND,PASS,,17313.95,12.8,8.95,47.2,19.89,826.0,41.5,60.0,5.0,60.0,310.0,7.155,3.727,8.211,1.732,2.99,1.146,4.958,1.213,2.392,0.917,3.966,0.971,16.158,3.068,23.714,7.001,34.617,2.051,83.325,26.712,326,,5,5,29.237,34.617,19.89,340
M0372,M0372,M0372,M0372.jpg,2026-09-24T18:06:35+07:00,code-main-2026-09-22,FOUND,PASS,,17719.74,13.1,9.0,46.9,24.16,1003.0,41.5,60.0,14.0,85.71,359.0,8.627,6.829,10.74,1.094,2.872,2.138,4.154,0.481,2.298,1.711,3.323,0.385,18.222,12.766,27.772,3.689,30.599,16.75,55.715,11.313,335,,11,14,29.113,30.599,24.16,345
M0373,M0373,M0373,M0373.jpg,2026-09-24T18:09:28+07:00,code-main-2026-09-22,FOUND,PASS,,17990.27,13.3,9.15,46.7,19.71,818.0,41.5,60.0,3.0,100.0,210.0,8.618,8.19,9.075,0.361,3.675,2.788,4.995,0.952,2.94,2.23,3.996,0.761,21.487,17.223,26.643,3.897,53.102,26.669,94.84,29.861,186,,3,3,53.102,53.102,19.71,350
M0374,M0374,M0374,M0374.jpg,2026-09-24T18:10:06+07:00,code-main-2026-09-22,FOUND,PASS,,14607.07,17.5,8.07,31.1,32.88,1072.0,32.6,48.6,18.0,100.0,311.0,8.354,4.859,9.912,1.163,2.83,2.019,3.499,0.385,2.264,1.616,2.799,0.308,17.826,7.347,23.212,4.144,29.124,8.299,44.625,9.373,244,,14,18,32.962,29.124,32.88,325
M0375,M0375,M0375,M0375.jpg,2026-09-24T18:11:10+07:00,code-main-2026-09-22,FOUND,PASS,,17990.27,13.3,9.37,46.7,20.1,834.0,41.5,60.0,6.0,100.0,311.0,9.22,6.971,10.546,1.296,3.01,2.486,3.405,0.286,2.408,1.989,2.724,0.229,20.701,14.694,25.732,4.331,35.916,20.766,50.2,10.462,275,,6,6,35.916,35.916,20.1,355
M0376,M0376,M0376,M0376.jpg,2026-09-24T18:13:13+07:00,code-main-2026-09-22,FOUND,PASS,,15358.29,18.4,8.2,30.2,25.88,844.0,32.6,48.6,8.0,100.0,291.0,8.587,6.046,10.75,1.299,2.981,2.523,3.362,0.242,2.384,2.018,2.69,0.193,19.119,13.017,25.444,3.859,32.697,19.495,46.689,9.232,229,,6,8,36.838,32.697,25.88,330
M0377,M0377,M0377,M0377.jpg,2026-09-24T18:13:39+07:00,code-main-2026-09-22,FOUND,PASS,,18396.07,13.6,9.49,46.4,21.97,912.0,41.5,60.0,10.0,80.0,350.0,8.175,2.576,10.406,2.317,2.771,0.766,3.701,0.918,2.217,0.613,2.961,0.735,18.297,1.472,29.318,8.317,32.593,0.633,59.592,17.372,247,,7,10,40.901,32.593,21.97,360
M0378,M0378,M0378,M0378.jpg,2026-09-24T18:15:36+07:00,code-main-2026-09-22,FOUND,PASS,,15274.82,18.3,8.29,30.3,31.31,1021.0,32.6,48.6,7.0,100.0,358.0,8.223,4.753,9.665,1.512,2.742,2.396,3.138,0.219,2.193,1.917,2.511,0.175,17.109,9.575,23.373,3.974,26.433,13.804,39.876,7.887,318,,7,7,26.433,26.433,31.31,335
M0379,M0379,M0379,M0379.jpg,2026-09-24T18:16:02+07:00,code-main-2026-09-22,FOUND,PASS,,18666.6,13.8,9.66,46.2,22.18,921.0,41.5,60.0,12.0,100.0,327.0,8.539,6.621,9.615,0.991,3.107,2.453,3.939,0.42,2.486,1.962,3.151,0.336,19.492,13.027,24.91,3.578,35.365,18.475,50.939,10.601,257,,9,12,39.933,35.365,22.18,365
M0380,M0380,M0380,M0380.jpg,2026-09-24T18:17:49+07:00,code-main-2026-09-22,FOUND,PASS,,15775.64,18.9,8.3,29.7,30.78,1003.0,32.6,48.6,17.0,100.0,376.0,8.07,6.334,10.558,1.077,2.755,2.143,3.32,0.273,2.204,1.715,2.656,0.218,16.788,11.689,21.615,2.897,26.043,14.338,38.158,6.467,308,,13,17,28.163,26.043,30.78,340
M0381,M0381,M0381,M0381.jpg,2026-09-24T18:17:56+07:00,code-main-2026-09-22,FOUND,PASS,,18666.6,13.8,9.78,46.2,25.07,1041.0,41.5,60.0,20.0,85.0,369.0,8.274,7.136,9.44,0.688,2.952,2.188,4.413,0.576,2.362,1.75,3.531,0.461,17.362,11.646,24.296,2.833,31.327,14.692,67.203,13.139,347,,15,20,29.615,31.327,25.07,370
M0382,M0382,M0382,M0382.jpg,2026-09-24T18:20:07+07:00,code-main-2026-09-22,FOUND,PASS,,19207.66,14.2,9.89,45.8,19.4,805.0,41.5,60.0,10.0,100.0,302.0,9.34,8.004,10.909,0.975,3.171,2.536,4.088,0.386,2.537,2.029,3.271,0.309,21.635,17.712,25.64,2.414,39.404,26.044,56.245,8.08,262,,8,10,40.246,39.404,19.4,375
